-- phpMyAdmin SQL Dump
-- version 4.5.4.1deb2ubuntu2.1
-- http://www.phpmyadmin.net
--
-- Host: localhost
-- Generation Time: 2020 年 1 月 30 日 21:32
-- サーバのバージョン： 5.7.28-0ubuntu0.16.04.2
-- PHP Version: 7.0.33-0ubuntu0.16.04.9

SET SQL_MODE = "NO_AUTO_VALUE_ON_ZERO";
SET time_zone = "+00:00";


/*!40101 SET @OLD_CHARACTER_SET_CLIENT=@@CHARACTER_SET_CLIENT */;
/*!40101 SET @OLD_CHARACTER_SET_RESULTS=@@CHARACTER_SET_RESULTS */;
/*!40101 SET @OLD_COLLATION_CONNECTION=@@COLLATION_CONNECTION */;
/*!40101 SET NAMES utf8mb4 */;

--
-- Database: `gairyo`
--

-- --------------------------------------------------------

--
-- テーブルの構造 `members`
--

CREATE TABLE `members` (
  `id_google` char(21) NOT NULL,
  `id_user` smallint(5) UNSIGNED NOT NULL,
  `nickname` varchar(30) NOT NULL,
  `first_name` varchar(30) NOT NULL,
  `middle_name` varchar(30) DEFAULT NULL,
  `last_name` varchar(30) NOT NULL,
  `date_sign_up` date NOT NULL,
  `cn` tinyint(1) NOT NULL DEFAULT '0',
  `tw` tinyint(1) NOT NULL DEFAULT '0',
  `kr` tinyint(1) NOT NULL DEFAULT '0',
  `th` tinyint(1) NOT NULL DEFAULT '0',
  `my` tinyint(1) NOT NULL DEFAULT '0',
  `ru` tinyint(1) NOT NULL DEFAULT '0',
  `other` tinyint(1) NOT NULL DEFAULT '0'
) ENGINE=MyISAM DEFAULT CHARSET=utf8;

-- --------------------------------------------------------

--
-- テーブルの構造 `members_new`
--

CREATE TABLE `members_new` (
  `id_user` int(11) NOT NULL,
  `nickname` varchar(20) NOT NULL,
  `cn` int(11) NOT NULL DEFAULT '0',
  `kr` int(11) NOT NULL DEFAULT '0',
  `th` int(11) NOT NULL DEFAULT '0',
  `my` int(11) NOT NULL DEFAULT '0',
  `ru` int(11) NOT NULL DEFAULT '0',
  `fr` int(11) NOT NULL DEFAULT '0',
  `de` int(11) NOT NULL DEFAULT '0',
  `other` int(11) NOT NULL DEFAULT '0'
) ENGINE=InnoDB DEFAULT CHARSET=utf8;

--
-- テーブルのデータのダンプ `members_new`
--

INSERT INTO `members_new` (`id_user`, `nickname`, `cn`, `kr`, `th`, `my`, `ru`, `fr`, `de`, `other`) VALUES
(1, 'ノーラ', 0, 0, 0, 0, 0, 0, 1, 0),
(3, '西本', 0, 0, 0, 0, 0, 0, 0, 0),
(4, 'ワレーリア', 0, 0, 0, 0, 1, 0, 0, 0),
(5, 'ナッダナイ', 0, 0, 1, 0, 0, 0, 0, 0),
(7, '望', 0, 0, 0, 0, 0, 0, 0, 0),
(8, 'ピラヤ', 0, 0, 1, 0, 0, 0, 0, 0),
(10, 'あやか', 0, 0, 0, 0, 0, 0, 0, 0),
(11, '瀬古', 0, 0, 0, 0, 0, 0, 0, 0),
(12, 'アリタット', 0, 0, 1, 0, 0, 0, 0, 0),
(13, 'ナパッソーン', 0, 0, 1, 0, 0, 0, 0, 0),
(14, 'エリザヴェータ', 0, 0, 1, 0, 0, 0, 0, 0),
(16, 'ゲオアップソン', 0, 0, 1, 0, 0, 0, 0, 0),
(46, 'ナタワディー', 0, 0, 1, 0, 0, 0, 0, 0),
(45, '萌々香', 0, 0, 0, 0, 0, 0, 0, 0),
(53, '岡田', 0, 0, 0, 0, 0, 0, 0, 0),
(54, '野間口', 0, 0, 0, 0, 0, 0, 0, 0),
(56, '髙木', 0, 0, 0, 0, 0, 0, 0, 0),
(59, 'ヴィクトリア', 0, 0, 0, 0, 1, 0, 0, 0),
(65, 'しおり', 0, 0, 0, 0, 0, 0, 0, 0),
(17, '永康', 1, 0, 0, 0, 0, 0, 0, 0),
(19, '永田', 1, 0, 0, 0, 0, 0, 0, 0),
(50, '小野', 1, 0, 0, 0, 0, 0, 0, 0),
(18, 'パト', 1, 0, 0, 0, 0, 0, 0, 0),
(20, 'ジェウ', 1, 1, 0, 0, 0, 0, 0, 0),
(42, 'シノン', 1, 1, 0, 0, 0, 0, 0, 0),
(15, 'チン', 1, 0, 0, 0, 0, 0, 0, 0),
(49, 'ゾー', 1, 0, 0, 0, 0, 0, 0, 0),
(21, '欣陽', 1, 0, 0, 0, 0, 0, 0, 0),
(22, 'ヒカ', 1, 0, 0, 0, 0, 0, 0, 0),
(23, 'オウキ', 1, 0, 0, 0, 0, 0, 0, 0),
(25, 'リンイン', 1, 0, 0, 0, 0, 0, 0, 0),
(27, 'シンファ', 1, 0, 0, 0, 0, 0, 0, 0),
(28, 'ムチン', 1, 0, 0, 0, 0, 0, 0, 0),
(29, '侑虔', 1, 0, 0, 0, 0, 0, 0, 0),
(30, 'シンウ', 1, 0, 0, 0, 0, 0, 0, 0),
(31, 'アンキ', 1, 0, 0, 0, 0, 0, 0, 0),
(32, 'シング', 1, 0, 0, 0, 0, 1, 0, 0),
(33, 'ミッシェール', 1, 0, 0, 0, 0, 0, 0, 0),
(34, '新茹', 1, 0, 0, 0, 0, 0, 0, 0),
(35, 'リジ', 1, 0, 0, 1, 0, 0, 0, 0),
(36, 'シンウ', 1, 0, 0, 0, 0, 0, 0, 0),
(37, '涵湘', 1, 0, 0, 0, 0, 0, 0, 0),
(47, 'ショウキ', 1, 0, 0, 0, 0, 0, 0, 0),
(48, '奕丞', 1, 0, 0, 0, 0, 0, 0, 0),
(51, '益嘉', 1, 0, 0, 0, 0, 0, 0, 0),
(52, '沁頤', 1, 0, 0, 0, 0, 0, 0, 0),
(55, 'スーチャ', 1, 0, 0, 0, 0, 0, 0, 0),
(60, 'シンゼン', 1, 0, 0, 0, 0, 0, 0, 0),
(61, 'キンケイ', 1, 0, 0, 0, 0, 0, 0, 0),
(62, 'チェンユ', 1, 0, 0, 0, 0, 0, 0, 0),
(64, 'キエツ', 1, 0, 0, 0, 0, 0, 0, 0),
(38, 'ガウン', 0, 0, 0, 0, 0, 0, 0, 0),
(39, 'J.ヘイン', 0, 0, 0, 0, 0, 0, 0, 0),
(40, 'ユンサン', 1, 0, 0, 0, 0, 0, 0, 0),
(41, 'ヨンジェ', 1, 0, 0, 0, 0, 0, 0, 0),
(43, 'フィミョン', 0, 0, 0, 0, 0, 0, 0, 0),
(57, 'K.ヘイン', 0, 0, 0, 0, 0, 0, 0, 0),
(0, 'ADMIN', 1, 1, 1, 1, 1, 1, 1, 1),
(58, 'ジョンヒ', 0, 1, 0, 0, 0, 0, 0, 0);

-- --------------------------------------------------------

--
-- テーブルの構造 `requests`
--

CREATE TABLE `requests` (
  `status` enum('declined','accepted','waiting') NOT NULL DEFAULT 'waiting',
  `id_from` smallint(5) UNSIGNED NOT NULL,
  `date` date NOT NULL,
  `shift` enum('A','B','H','C','D') NOT NULL,
  `created` datetime NOT NULL,
  `proceeded` datetime DEFAULT NULL,
  `id_to` smallint(6) NOT NULL
) ENGINE=InnoDB DEFAULT CHARSET=utf8 COMMENT='Not include market items';

--
-- テーブルのデータのダンプ `requests`
--

INSERT INTO `requests` (`status`, `id_from`, `date`, `shift`, `created`, `proceeded`, `id_to`) VALUES
('waiting', 2, '2019-12-21', 'B', '2019-12-20 18:24:51', NULL, 3),
('waiting', 3, '2019-12-21', 'D', '2019-12-20 18:24:51', NULL, 2);

-- --------------------------------------------------------

--
-- テーブルの構造 `shifts_assigned`
--

CREATE TABLE `shifts_assigned` (
  `id_user` int(11) NOT NULL,
  `date_shift` date NOT NULL,
  `shift` enum('A','B','H','C','D') NOT NULL
) ENGINE=InnoDB DEFAULT CHARSET=utf8;

--
-- テーブルのデータのダンプ `shifts_assigned`
--

INSERT INTO `shifts_assigned` (`id_user`, `date_shift`, `shift`) VALUES
(42, '2020-01-22', 'C'),
(17, '2020-01-22', 'H'),
(46, '2020-01-22', 'H'),
(51, '2020-01-22', 'B'),
(59, '2020-01-22', 'B'),
(29, '2020-01-22', 'D'),
(53, '2020-01-22', 'D'),
(52, '2020-01-22', 'D'),
(55, '2020-01-22', 'A'),
(62, '2020-02-04', 'H'),
(25, '2020-02-04', 'H'),
(61, '2020-02-04', 'C'),
(20, '2020-02-04', 'C'),
(65, '2020-02-04', 'A'),
(11, '2020-02-04', 'B'),
(12, '2020-02-04', 'B'),
(7, '2020-02-04', 'D'),
(3, '2020-02-04', 'D'),
(47, '2020-02-02', 'C'),
(60, '2020-02-02', 'C'),
(15, '2020-02-02', 'H'),
(48, '2020-02-02', 'H'),
(57, '2020-02-02', 'D'),
(42, '2020-02-02', 'D'),
(21, '2020-02-02', 'A'),
(5, '2020-02-02', 'B'),
(45, '2020-02-02', 'B'),
(19, '2020-02-06', 'B'),
(11, '2020-02-06', 'B'),
(27, '2020-02-06', 'H'),
(43, '2020-02-06', 'H'),
(17, '2020-02-06', 'C'),
(20, '2020-02-06', 'C'),
(7, '2020-02-06', 'A'),
(3, '2020-02-06', 'D'),
(62, '2020-02-06', 'D'),
(13, '2020-01-21', 'C'),
(42, '2020-01-21', 'C'),
(38, '2020-01-21', 'H'),
(8, '2020-01-21', 'H'),
(16, '2020-01-21', 'D'),
(7, '2020-01-21', 'D'),
(4, '2020-01-21', 'A'),
(46, '2020-01-21', 'B'),
(25, '2020-01-21', 'B'),
(58, '2020-02-14', 'C'),
(14, '2020-02-14', 'C'),
(37, '2020-02-14', 'H'),
(54, '2020-02-14', 'H'),
(23, '2020-02-14', 'D'),
(65, '2020-02-14', 'D'),
(12, '2020-02-14', 'A'),
(17, '2020-02-14', 'B'),
(4, '2020-02-14', 'B'),
(18, '2020-01-24', 'C'),
(56, '2020-01-24', 'B'),
(7, '2020-01-24', 'B'),
(13, '2020-01-24', 'H'),
(57, '2020-01-24', 'H'),
(48, '2020-01-24', 'D'),
(16, '2020-01-24', 'D'),
(20, '2020-01-24', 'D'),
(46, '2020-01-24', 'A'),
(35, '2020-01-29', 'H'),
(54, '2020-01-29', 'H'),
(34, '2020-01-29', 'C'),
(30, '2020-01-29', 'C'),
(36, '2020-01-29', 'D'),
(56, '2020-01-29', 'D'),
(55, '2020-01-29', 'A'),
(19, '2020-01-29', 'B'),
(59, '2020-01-29', 'B'),
(1, '2020-02-09', 'H'),
(38, '2020-02-09', 'H'),
(3, '2020-02-09', 'C'),
(42, '2020-02-09', 'C'),
(27, '2020-02-09', 'A'),
(60, '2020-02-09', 'B'),
(61, '2020-02-09', 'B'),
(11, '2020-02-09', 'D'),
(65, '2020-02-09', 'D'),
(32, '2020-01-18', 'C'),
(43, '2020-01-18', 'C'),
(45, '2020-01-18', 'H'),
(34, '2020-01-18', 'H'),
(13, '2020-01-18', 'D'),
(53, '2020-01-18', 'D'),
(21, '2020-01-18', 'A'),
(14, '2020-01-18', 'B'),
(20, '2020-01-18', 'B'),
(50, '2020-02-08', 'D'),
(23, '2020-02-08', 'D'),
(15, '2020-02-08', 'H'),
(5, '2020-02-08', 'H'),
(37, '2020-02-08', 'B'),
(38, '2020-02-08', 'B'),
(1, '2020-02-08', 'B'),
(62, '2020-02-08', 'C'),
(36, '2020-02-08', 'C'),
(25, '2020-01-28', 'H'),
(43, '2020-01-28', 'H'),
(42, '2020-01-28', 'C'),
(45, '2020-01-28', 'C'),
(46, '2020-01-28', 'A'),
(7, '2020-01-28', 'B'),
(8, '2020-01-28', 'B'),
(56, '2020-01-28', 'D'),
(47, '2020-01-28', 'D'),
(30, '2020-02-05', 'C'),
(19, '2020-02-05', 'C'),
(12, '2020-02-05', 'H'),
(25, '2020-02-05', 'H'),
(17, '2020-02-05', 'B'),
(7, '2020-02-05', 'B'),
(3, '2020-02-05', 'D'),
(11, '2020-02-05', 'D'),
(62, '2020-02-05', 'A'),
(61, '2020-01-16', 'C'),
(53, '2020-01-16', 'C'),
(20, '2020-01-16', 'H'),
(48, '2020-01-16', 'H'),
(13, '2020-01-16', 'B'),
(4, '2020-01-16', 'B'),
(11, '2020-01-16', 'A'),
(7, '2020-01-16', 'D'),
(51, '2020-02-01', 'B'),
(45, '2020-02-01', 'B'),
(15, '2020-02-01', 'C'),
(43, '2020-02-01', 'C'),
(25, '2020-02-01', 'H'),
(46, '2020-02-01', 'H'),
(65, '2020-02-01', 'A'),
(42, '2020-02-01', 'D'),
(30, '2020-02-01', 'D'),
(29, '2020-01-23', 'H'),
(55, '2020-01-23', 'H'),
(36, '2020-01-23', 'C'),
(57, '2020-01-23', 'C'),
(20, '2020-01-23', 'D'),
(16, '2020-01-23', 'D'),
(8, '2020-01-23', 'B'),
(46, '2020-01-23', 'B'),
(13, '2020-01-23', 'A'),
(18, '2020-02-07', 'C'),
(3, '2020-02-07', 'C'),
(37, '2020-02-07', 'H'),
(12, '2020-02-07', 'H'),
(59, '2020-02-07', 'B'),
(62, '2020-02-07', 'B'),
(11, '2020-02-07', 'A'),
(23, '2020-02-07', 'D'),
(14, '2020-02-07', 'D'),
(19, '2020-01-30', 'C'),
(61, '2020-01-30', 'C'),
(48, '2020-01-30', 'H'),
(25, '2020-01-30', 'H'),
(7, '2020-01-30', 'D'),
(3, '2020-01-30', 'D'),
(12, '2020-01-30', 'A'),
(42, '2020-01-30', 'B'),
(43, '2020-01-30', 'B'),
(64, '2020-01-20', 'B'),
(61, '2020-01-20', 'B'),
(20, '2020-01-20', 'C'),
(46, '2020-01-20', 'C'),
(29, '2020-01-20', 'H'),
(17, '2020-01-20', 'H'),
(7, '2020-01-20', 'D'),
(56, '2020-01-20', 'D'),
(4, '2020-01-20', 'A'),
(60, '2020-02-11', 'C'),
(20, '2020-02-11', 'C'),
(38, '2020-02-11', 'H'),
(27, '2020-02-11', 'H'),
(65, '2020-02-11', 'A'),
(62, '2020-02-11', 'B'),
(13, '2020-02-11', 'B'),
(11, '2020-02-11', 'D'),
(42, '2020-02-11', 'D'),
(54, '2020-02-12', 'H'),
(17, '2020-02-12', 'H'),
(58, '2020-02-12', 'C'),
(59, '2020-02-12', 'C'),
(53, '2020-02-12', 'D'),
(36, '2020-02-12', 'D'),
(12, '2020-02-12', 'A'),
(7, '2020-02-12', 'B'),
(4, '2020-02-12', 'B'),
(16, '2020-01-27', 'D'),
(18, '2020-01-27', 'D'),
(47, '2020-01-27', 'H'),
(25, '2020-01-27', 'H'),
(56, '2020-01-27', 'B'),
(8, '2020-01-27', 'B'),
(13, '2020-01-27', 'B'),
(7, '2020-01-27', 'C'),
(36, '2020-01-27', 'C'),
(50, '2020-01-17', 'C'),
(3, '2020-01-17', 'C'),
(45, '2020-01-17', 'H'),
(54, '2020-01-17', 'H'),
(60, '2020-01-17', 'D'),
(14, '2020-01-17', 'D'),
(51, '2020-01-17', 'B'),
(37, '2020-01-17', 'B'),
(56, '2020-01-17', 'A'),
(48, '2020-02-03', 'H'),
(65, '2020-02-03', 'H'),
(61, '2020-02-03', 'C'),
(17, '2020-02-03', 'C'),
(20, '2020-02-03', 'B'),
(42, '2020-02-03', 'B'),
(3, '2020-02-03', 'D'),
(11, '2020-02-03', 'D'),
(46, '2020-02-03', 'A'),
(35, '2020-01-26', 'H'),
(21, '2020-01-26', 'H'),
(57, '2020-01-26', 'C'),
(60, '2020-01-26', 'C'),
(1, '2020-01-26', 'B'),
(45, '2020-01-26', 'B'),
(59, '2020-01-26', 'A'),
(15, '2020-01-26', 'D'),
(47, '2020-01-26', 'D'),
(32, '2020-01-25', 'H'),
(5, '2020-01-25', 'H'),
(62, '2020-01-25', 'C'),
(43, '2020-01-25', 'C'),
(7, '2020-01-25', 'A'),
(55, '2020-01-25', 'D'),
(13, '2020-01-25', 'D'),
(20, '2020-01-25', 'B'),
(61, '2020-01-25', 'B'),
(33, '2020-02-15', 'H'),
(57, '2020-02-15', 'H'),
(38, '2020-02-15', 'B'),
(5, '2020-02-15', 'B'),
(27, '2020-02-15', 'C'),
(62, '2020-02-15', 'C'),
(23, '2020-02-15', 'D'),
(3, '2020-02-15', 'D'),
(42, '2020-02-15', 'A'),
(58, '2020-02-10', 'C'),
(60, '2020-02-10', 'C'),
(4, '2020-02-10', 'H'),
(46, '2020-02-10', 'H'),
(36, '2020-02-10', 'D'),
(7, '2020-02-10', 'D'),
(11, '2020-02-10', 'A'),
(18, '2020-02-10', 'B'),
(65, '2020-02-10', 'B'),
(25, '2020-01-31', 'H'),
(37, '2020-01-31', 'H'),
(50, '2020-01-31', 'C'),
(19, '2020-01-31', 'C'),
(12, '2020-01-31', 'A'),
(16, '2020-01-31', 'D'),
(48, '2020-01-31', 'D'),
(59, '2020-01-31', 'B'),
(42, '2020-01-31', 'B'),
(21, '2020-01-19', 'H'),
(35, '2020-01-19', 'H'),
(14, '2020-01-19', 'C'),
(30, '2020-01-19', 'C'),
(45, '2020-01-19', 'B'),
(17, '2020-01-19', 'B'),
(13, '2020-01-19', 'A'),
(56, '2020-01-19', 'D'),
(3, '2020-01-19', 'D'),
(38, '2020-02-13', 'H'),
(20, '2020-02-13', 'H'),
(60, '2020-02-13', 'C'),
(7, '2020-02-13', 'C'),
(43, '2020-02-13', 'B'),
(42, '2020-02-13', 'B'),
(12, '2020-02-13', 'A'),
(27, '2020-02-13', 'D'),
(17, '2020-02-13', 'D'),
(29, '2020-01-23', 'C'),
(36, '2020-01-23', 'C'),
(48, '2020-01-23', 'H'),
(55, '2020-01-23', 'H'),
(19, '2020-01-23', 'B'),
(13, '2020-01-23', 'B'),
(46, '2020-01-23', 'A'),
(16, '2020-01-23', 'D'),
(20, '2020-01-23', 'D'),
(42, '2020-01-18', 'C'),
(17, '2020-01-18', 'C'),
(37, '2020-01-18', 'H'),
(21, '2020-01-18', 'H'),
(7, '2020-01-18', 'A'),
(23, '2020-01-18', 'D'),
(62, '2020-01-18', 'D'),
(18, '2020-01-18', 'B'),
(45, '2020-01-18', 'B'),
(27, '2020-02-15', 'H'),
(4, '2020-02-15', 'H'),
(33, '2020-02-15', 'C'),
(58, '2020-02-15', 'C'),
(57, '2020-02-15', 'A'),
(50, '2020-02-15', 'D'),
(3, '2020-02-15', 'D'),
(5, '2020-02-15', 'B'),
(65, '2020-02-15', 'B'),
(11, '2020-02-05', 'C'),
(30, '2020-02-05', 'C'),
(25, '2020-02-05', 'H'),
(15, '2020-02-05', 'H'),
(12, '2020-02-05', 'A'),
(59, '2020-02-05', 'B'),
(19, '2020-02-05', 'B'),
(7, '2020-02-05', 'D'),
(20, '2020-02-05', 'D'),
(47, '2020-01-25', 'H'),
(14, '2020-01-25', 'H'),
(32, '2020-01-25', 'C'),
(60, '2020-01-25', 'C'),
(61, '2020-01-25', 'B'),
(35, '2020-01-25', 'B'),
(43, '2020-01-25', 'D'),
(13, '2020-01-25', 'D'),
(11, '2020-01-25', 'A'),
(34, '2020-01-22', 'H'),
(54, '2020-01-22', 'H'),
(56, '2020-01-22', 'C'),
(36, '2020-01-22', 'C'),
(51, '2020-01-22', 'B'),
(17, '2020-01-22', 'B'),
(52, '2020-01-22', 'D'),
(53, '2020-01-22', 'D'),
(42, '2020-01-22', 'A'),
(38, '2020-02-14', 'H'),
(14, '2020-02-14', 'H'),
(57, '2020-02-14', 'C'),
(7, '2020-02-14', 'C'),
(4, '2020-02-14', 'A'),
(23, '2020-02-14', 'D'),
(3, '2020-02-14', 'D'),
(37, '2020-02-14', 'B'),
(27, '2020-02-14', 'B'),
(62, '2020-02-06', 'C'),
(46, '2020-02-06', 'C'),
(25, '2020-02-06', 'H'),
(43, '2020-02-06', 'H'),
(61, '2020-02-06', 'B'),
(17, '2020-02-06', 'B'),
(65, '2020-02-06', 'D'),
(11, '2020-02-06', 'D'),
(12, '2020-02-06', 'A'),
(1, '2020-01-26', 'H'),
(45, '2020-01-26', 'H'),
(55, '2020-01-26', 'C'),
(13, '2020-01-26', 'C'),
(59, '2020-01-26', 'A'),
(21, '2020-01-26', 'B'),
(42, '2020-01-26', 'B'),
(48, '2020-01-26', 'D'),
(46, '2020-01-26', 'D'),
(38, '2020-02-10', 'H'),
(61, '2020-02-10', 'H'),
(60, '2020-02-10', 'C'),
(7, '2020-02-10', 'C'),
(4, '2020-02-10', 'A'),
(36, '2020-02-10', 'D'),
(58, '2020-02-10', 'D'),
(56, '2020-02-10', 'B'),
(45, '2020-02-10', 'B'),
(53, '2020-01-30', 'D'),
(16, '2020-01-30', 'D'),
(20, '2020-01-30', 'H'),
(25, '2020-01-30', 'H'),
(62, '2020-01-30', 'C'),
(3, '2020-01-30', 'C'),
(19, '2020-01-30', 'B'),
(42, '2020-01-30', 'B'),
(43, '2020-01-30', 'B'),
(14, '2020-02-13', 'C'),
(27, '2020-02-13', 'C'),
(20, '2020-02-13', 'H'),
(7, '2020-02-13', 'H'),
(11, '2020-02-13', 'D'),
(65, '2020-02-13', 'D'),
(38, '2020-02-13', 'B'),
(13, '2020-02-13', 'B'),
(59, '2020-02-13', 'A'),
(8, '2020-01-29', 'H'),
(35, '2020-01-29', 'H'),
(30, '2020-01-29', 'C'),
(34, '2020-01-29', 'C'),
(12, '2020-01-29', 'A'),
(56, '2020-01-29', 'D'),
(3, '2020-01-29', 'D'),
(55, '2020-01-29', 'B'),
(46, '2020-01-29', 'B'),
(42, '2020-02-11', 'C'),
(60, '2020-02-11', 'C'),
(62, '2020-02-11', 'H'),
(17, '2020-02-11', 'H'),
(7, '2020-02-11', 'A'),
(20, '2020-02-11', 'D'),
(61, '2020-02-11', 'D'),
(13, '2020-02-11', 'B'),
(43, '2020-02-11', 'B'),
(54, '2020-02-07', 'H'),
(57, '2020-02-07', 'H'),
(18, '2020-02-07', 'C'),
(14, '2020-02-07', 'C'),
(23, '2020-02-07', 'D'),
(11, '2020-02-07', 'D'),
(12, '2020-02-07', 'A'),
(38, '2020-02-07', 'B'),
(59, '2020-02-07', 'B'),
(25, '2020-02-04', 'H'),
(65, '2020-02-04', 'H'),
(3, '2020-02-04', 'C'),
(42, '2020-02-04', 'C'),
(62, '2020-02-04', 'D'),
(46, '2020-02-04', 'D'),
(7, '2020-02-04', 'A'),
(17, '2020-02-04', 'B'),
(12, '2020-02-04', 'B'),
(64, '2020-01-17', 'D'),
(53, '2020-01-17', 'D'),
(29, '2020-01-17', 'H'),
(4, '2020-01-17', 'H'),
(51, '2020-01-17', 'B'),
(37, '2020-01-17', 'B'),
(8, '2020-01-17', 'B'),
(50, '2020-01-17', 'C'),
(56, '2020-01-17', 'C'),
(48, '2020-01-21', 'H'),
(25, '2020-01-21', 'H'),
(3, '2020-01-21', 'C'),
(42, '2020-01-21', 'C'),
(20, '2020-01-21', 'D'),
(16, '2020-01-21', 'D'),
(7, '2020-01-21', 'A'),
(43, '2020-01-21', 'B'),
(4, '2020-01-21', 'B'),
(15, '2020-02-02', 'C'),
(60, '2020-02-02', 'C'),
(5, '2020-02-02', 'H'),
(47, '2020-02-02', 'H'),
(45, '2020-02-02', 'B'),
(17, '2020-02-02', 'B'),
(57, '2020-02-02', 'A'),
(11, '2020-02-02', 'D'),
(3, '2020-02-02', 'D'),
(54, '2020-01-24', 'H'),
(29, '2020-01-24', 'H'),
(19, '2020-01-24', 'C'),
(46, '2020-01-24', 'C'),
(48, '2020-01-24', 'D'),
(42, '2020-01-24', 'D'),
(13, '2020-01-24', 'B'),
(18, '2020-01-24', 'B'),
(7, '2020-01-24', 'A'),
(1, '2020-02-01', 'C'),
(15, '2020-02-01', 'C'),
(25, '2020-02-01', 'H'),
(65, '2020-02-01', 'H'),
(37, '2020-02-01', 'B'),
(20, '2020-02-01', 'B'),
(51, '2020-02-01', 'B'),
(36, '2020-02-01', 'D'),
(30, '2020-02-01', 'D'),
(47, '2020-01-20', 'H'),
(8, '2020-01-20', 'H'),
(46, '2020-01-20', 'C'),
(59, '2020-01-20', 'C'),
(61, '2020-01-20', 'B'),
(13, '2020-01-20', 'B'),
(17, '2020-01-20', 'B'),
(56, '2020-01-20', 'D'),
(7, '2020-01-20', 'D'),
(58, '2020-02-12', 'C'),
(60, '2020-02-12', 'C'),
(27, '2020-02-12', 'H'),
(54, '2020-02-12', 'H'),
(12, '2020-02-12', 'A'),
(20, '2020-02-12', 'D'),
(11, '2020-02-12', 'D'),
(38, '2020-02-12', 'B'),
(4, '2020-02-12', 'B'),
(16, '2020-02-03', 'D'),
(59, '2020-02-03', 'D'),
(62, '2020-02-03', 'H'),
(65, '2020-02-03', 'H'),
(3, '2020-02-03', 'C'),
(36, '2020-02-03', 'C'),
(42, '2020-02-03', 'B'),
(20, '2020-02-03', 'B'),
(7, '2020-02-03', 'A'),
(5, '2020-02-08', 'C'),
(46, '2020-02-08', 'C'),
(21, '2020-02-08', 'H'),
(45, '2020-02-08', 'H'),
(23, '2020-02-08', 'D'),
(11, '2020-02-08', 'D'),
(61, '2020-02-08', 'B'),
(1, '2020-02-08', 'B'),
(57, '2020-02-08', 'A'),
(60, '2020-02-09', 'H'),
(12, '2020-02-09', 'H'),
(62, '2020-02-09', 'C'),
(3, '2020-02-09', 'C'),
(65, '2020-02-09', 'A'),
(42, '2020-02-09', 'D'),
(7, '2020-02-09', 'D'),
(17, '2020-02-09', 'B'),
(13, '2020-02-09', 'B'),
(25, '2020-01-31', 'H'),
(37, '2020-01-31', 'H'),
(50, '2020-01-31', 'C'),
(36, '2020-01-31', 'C'),
(48, '2020-01-31', 'D'),
(46, '2020-01-31', 'D'),
(18, '2020-01-31', 'B'),
(20, '2020-01-31', 'B'),
(42, '2020-01-31', 'A'),
(56, '2020-01-27', 'D'),
(16, '2020-01-27', 'D'),
(25, '2020-01-27', 'H'),
(7, '2020-01-27', 'H'),
(47, '2020-01-27', 'C'),
(36, '2020-01-27', 'C'),
(13, '2020-01-27', 'B'),
(18, '2020-01-27', 'B'),
(8, '2020-01-27', 'B'),
(53, '2020-01-28', 'C'),
(45, '2020-01-28', 'C'),
(43, '2020-01-28', 'H'),
(11, '2020-01-28', 'H'),
(19, '2020-01-28', 'B'),
(62, '2020-01-28', 'B'),
(25, '2020-01-28', 'B'),
(56, '2020-01-28', 'D'),
(46, '2020-01-28', 'D'),
(61, '2020-01-16', 'C'),
(53, '2020-01-16', 'C'),
(48, '2020-01-16', 'H'),
(20, '2020-01-16', 'H'),
(11, '2020-01-16', 'H'),
(4, '2020-01-16', 'H'),
(45, '2020-01-16', 'B'),
(43, '2020-01-16', 'B'),
(7, '2020-01-16', 'B'),
(62, '2020-01-16', 'B'),
(32, '2020-01-19', 'H'),
(21, '2020-01-19', 'H'),
(14, '2020-01-19', 'C'),
(3, '2020-01-19', 'C'),
(35, '2020-01-19', 'B'),
(17, '2020-01-19', 'B'),
(30, '2020-01-19', 'D'),
(42, '2020-01-19', 'D'),
(47, '2020-01-19', 'A'),
(36, '2020-02-05', 'C'),
(19, '2020-02-05', 'C'),
(27, '2020-02-05', 'H'),
(15, '2020-02-05', 'H'),
(46, '2020-02-05', 'A'),
(30, '2020-02-05', 'D'),
(62, '2020-02-05', 'D'),
(59, '2020-02-05', 'B'),
(12, '2020-02-05', 'B'),
(42, '2020-02-07', 'C'),
(18, '2020-02-07', 'C'),
(37, '2020-02-07', 'H'),
(7, '2020-02-07', 'H'),
(38, '2020-02-07', 'B'),
(62, '2020-02-07', 'B'),
(65, '2020-02-07', 'D'),
(57, '2020-02-07', 'D'),
(11, '2020-02-07', 'A'),
(34, '2020-01-29', 'C'),
(3, '2020-01-29', 'C'),
(55, '2020-01-29', 'A'),
(35, '2020-01-29', 'H'),
(54, '2020-01-29', 'H'),
(16, '2020-01-29', 'D'),
(56, '2020-01-29', 'D'),
(13, '2020-01-29', 'B'),
(8, '2020-01-29', 'B'),
(48, '2020-01-30', 'H'),
(25, '2020-01-30', 'H'),
(61, '2020-01-30', 'C'),
(45, '2020-01-30', 'C'),
(53, '2020-01-30', 'D'),
(7, '2020-01-30', 'D'),
(20, '2020-01-30', 'B'),
(43, '2020-01-30', 'B'),
(12, '2020-01-30', 'A'),
(21, '2020-01-18', 'H'),
(17, '2020-01-18', 'H'),
(23, '2020-01-18', 'D'),
(59, '2020-01-18', 'D'),
(32, '2020-01-18', 'C'),
(5, '2020-01-18', 'C'),
(4, '2020-01-18', 'A'),
(1, '2020-01-18', 'B'),
(14, '2020-01-18', 'B'),
(60, '2020-02-04', 'C'),
(20, '2020-02-04', 'C'),
(51, '2020-02-04', 'B'),
(65, '2020-02-04', 'B'),
(42, '2020-02-04', 'H'),
(46, '2020-02-04', 'H'),
(3, '2020-02-04', 'D'),
(61, '2020-02-04', 'D'),
(11, '2020-02-04', 'A'),
(29, '2020-01-24', 'H'),
(25, '2020-01-24', 'H'),
(19, '2020-01-24', 'C'),
(7, '2020-01-24', 'C'),
(18, '2020-01-24', 'D'),
(16, '2020-01-24', 'D'),
(37, '2020-01-24', 'B'),
(13, '2020-01-24', 'B'),
(46, '2020-01-24', 'A'),
(52, '2020-01-22', 'D'),
(53, '2020-01-22', 'D'),
(54, '2020-01-22', 'H'),
(17, '2020-01-22', 'H'),
(55, '2020-01-22', 'A'),
(56, '2020-01-22', 'C'),
(42, '2020-01-22', 'C'),
(59, '2020-01-22', 'B'),
(14, '2020-01-22', 'B'),
(47, '2020-01-25', 'C'),
(36, '2020-01-25', 'C'),
(30, '2020-01-25', 'H'),
(57, '2020-01-25', 'H'),
(45, '2020-01-25', 'B'),
(20, '2020-01-25', 'B'),
(43, '2020-01-25', 'D'),
(42, '2020-01-25', 'D'),
(62, '2020-01-25', 'A'),
(48, '2020-01-19', 'H'),
(35, '2020-01-19', 'H'),
(7, '2020-01-19', 'A'),
(32, '2020-01-19', 'C'),
(3, '2020-01-19', 'C'),
(13, '2020-01-19', 'D'),
(30, '2020-01-19', 'D'),
(21, '2020-01-19', 'B'),
(20, '2020-01-19', 'B'),
(25, '2020-01-23', 'H'),
(55, '2020-01-23', 'H'),
(29, '2020-01-23', 'C'),
(19, '2020-01-23', 'C'),
(4, '2020-01-23', 'A'),
(14, '2020-01-23', 'D'),
(46, '2020-01-23', 'D'),
(45, '2020-01-23', 'B'),
(57, '2020-01-23', 'B'),
(11, '2020-01-28', 'H'),
(48, '2020-01-28', 'H'),
(47, '2020-01-28', 'D'),
(46, '2020-01-28', 'D'),
(56, '2020-01-28', 'B'),
(43, '2020-01-28', 'B'),
(8, '2020-01-28', 'B'),
(7, '2020-01-28', 'C'),
(42, '2020-01-28', 'C'),
(38, '2020-02-09', 'H'),
(60, '2020-02-09', 'H'),
(17, '2020-02-09', 'C'),
(5, '2020-02-09', 'C'),
(61, '2020-02-09', 'B'),
(1, '2020-02-09', 'B'),
(12, '2020-02-09', 'A'),
(62, '2020-02-09', 'D'),
(11, '2020-02-09', 'D'),
(58, '2020-02-14', 'H'),
(25, '2020-02-14', 'H'),
(23, '2020-02-14', 'D'),
(3, '2020-02-14', 'D'),
(27, '2020-02-14', 'C'),
(7, '2020-02-14', 'C'),
(20, '2020-02-14', 'B'),
(13, '2020-02-14', 'B'),
(38, '2020-02-14', 'B'),
(15, '2020-02-02', 'H'),
(65, '2020-02-02', 'H'),
(51, '2020-02-02', 'B'),
(45, '2020-02-02', 'B'),
(17, '2020-02-02', 'C'),
(42, '2020-02-02', 'C'),
(57, '2020-02-02', 'A'),
(11, '2020-02-02', 'D'),
(48, '2020-02-02', 'D'),
(36, '2020-01-27', 'C'),
(47, '2020-01-27', 'C'),
(16, '2020-01-27', 'D'),
(25, '2020-01-27', 'H'),
(7, '2020-01-27', 'H'),
(56, '2020-01-27', 'B'),
(13, '2020-01-27', 'B'),
(18, '2020-01-27', 'B'),
(53, '2020-02-06', 'D'),
(65, '2020-02-06', 'D'),
(12, '2020-02-06', 'H'),
(62, '2020-02-06', 'H'),
(20, '2020-02-06', 'C'),
(3, '2020-02-06', 'C'),
(19, '2020-02-06', 'B'),
(46, '2020-02-06', 'B'),
(7, '2020-02-06', 'A'),
(60, '2020-02-03', 'C'),
(61, '2020-02-03', 'C'),
(25, '2020-02-03', 'H'),
(42, '2020-02-03', 'H'),
(12, '2020-02-03', 'A'),
(17, '2020-02-03', 'D'),
(59, '2020-02-03', 'D'),
(20, '2020-02-03', 'B'),
(11, '2020-02-03', 'B'),
(14, '2020-02-11', 'H'),
(43, '2020-02-11', 'H'),
(27, '2020-02-11', 'C'),
(3, '2020-02-11', 'C'),
(4, '2020-02-11', 'A'),
(62, '2020-02-11', 'B'),
(7, '2020-02-11', 'B'),
(42, '2020-02-11', 'D'),
(20, '2020-02-11', 'D'),
(50, '2020-01-17', 'C'),
(64, '2020-01-17', 'D'),
(60, '2020-01-17', 'D'),
(23, '2020-01-17', 'D'),
(34, '2020-01-17', 'H'),
(54, '2020-01-17', 'H'),
(37, '2020-01-17', 'B'),
(8, '2020-01-17', 'B'),
(56, '2020-01-17', 'A'),
(58, '2020-02-10', 'C'),
(36, '2020-02-10', 'C'),
(45, '2020-02-10', 'H'),
(38, '2020-02-10', 'H'),
(17, '2020-02-10', 'B'),
(65, '2020-02-10', 'B'),
(61, '2020-02-10', 'A'),
(18, '2020-02-10', 'D'),
(46, '2020-02-10', 'D'),
(51, '2020-02-01', 'B'),
(45, '2020-02-01', 'B'),
(12, '2020-02-01', 'H'),
(5, '2020-02-01', 'H'),
(15, '2020-02-01', 'C'),
(60, '2020-02-01', 'C'),
(11, '2020-02-01', 'D'),
(3, '2020-02-01', 'D'),
(7, '2020-02-01', 'A'),
(50, '2020-01-31', 'C'),
(42, '2020-01-31', 'C'),
(37, '2020-01-31', 'H'),
(54, '2020-01-31', 'H'),
(16, '2020-01-31', 'D'),
(36, '2020-01-31', 'D'),
(12, '2020-01-31', 'A'),
(46, '2020-01-31', 'B'),
(19, '2020-01-31', 'B'),
(33, '2020-02-15', 'H'),
(21, '2020-02-15', 'H'),
(4, '2020-02-15', 'A'),
(13, '2020-02-15', 'C'),
(43, '2020-02-15', 'C'),
(3, '2020-02-15', 'D'),
(17, '2020-02-15', 'D'),
(65, '2020-02-15', 'B'),
(42, '2020-02-15', 'B'),
(48, '2020-01-21', 'H'),
(25, '2020-01-21', 'H'),
(29, '2020-01-21', 'D'),
(16, '2020-01-21', 'D'),
(7, '2020-01-21', 'A'),
(20, '2020-01-21', 'C'),
(3, '2020-01-21', 'C'),
(13, '2020-01-21', 'B'),
(4, '2020-01-21', 'B'),
(53, '2020-01-16', 'C'),
(61, '2020-01-16', 'C'),
(25, '2020-01-16', 'H'),
(43, '2020-01-16', 'H'),
(8, '2020-01-16', 'H'),
(20, '2020-01-16', 'H'),
(11, '2020-01-16', 'B'),
(48, '2020-01-16', 'B'),
(62, '2020-01-16', 'B'),
(45, '2020-01-16', 'B'),
(7, '2020-01-16', 'D'),
(47, '2020-01-20', 'C'),
(59, '2020-01-20', 'C'),
(56, '2020-01-20', 'D'),
(46, '2020-01-20', 'D'),
(17, '2020-01-20', 'H'),
(13, '2020-01-20', 'H'),
(4, '2020-01-20', 'A'),
(7, '2020-01-20', 'B'),
(61, '2020-01-20', 'B'),
(38, '2020-02-12', 'H'),
(58, '2020-02-12', 'H'),
(27, '2020-02-12', 'C'),
(60, '2020-02-12', 'C'),
(36, '2020-02-12', 'D'),
(53, '2020-02-12', 'D'),
(11, '2020-02-12', 'A'),
(59, '2020-02-12', 'B'),
(56, '2020-02-12', 'B'),
(23, '2020-02-08', 'D'),
(50, '2020-02-08', 'D'),
(37, '2020-02-08', 'H'),
(57, '2020-02-08', 'H'),
(1, '2020-02-08', 'B'),
(38, '2020-02-08', 'B'),
(30, '2020-02-08', 'C'),
(5, '2020-02-08', 'C'),
(21, '2020-02-08', 'A'),
(35, '2020-01-26', 'H'),
(29, '2020-01-26', 'H'),
(42, '2020-01-26', 'C'),
(13, '2020-01-26', 'C'),
(15, '2020-01-26', 'D'),
(55, '2020-01-26', 'D'),
(20, '2020-01-26', 'B'),
(7, '2020-01-26', 'B'),
(47, '2020-01-26', 'A'),
(14, '2020-02-13', 'C'),
(65, '2020-02-13', 'C'),
(3, '2020-02-13', 'D'),
(27, '2020-02-13', 'D'),
(62, '2020-02-13', 'H'),
(25, '2020-02-13', 'H'),
(43, '2020-02-13', 'B'),
(42, '2020-02-13', 'B'),
(12, '2020-02-13', 'A'),
(17, '2020-02-02', 'H'),
(62, '2020-02-02', 'H'),
(15, '2020-02-02', 'C'),
(47, '2020-02-02', 'C'),
(20, '2020-02-02', 'B'),
(21, '2020-02-02', 'B'),
(48, '2020-02-02', 'A'),
(42, '2020-02-02', 'D'),
(57, '2020-02-02', 'D'),
(32, '2020-01-19', 'C'),
(30, '2020-01-19', 'C'),
(35, '2020-01-19', 'H'),
(45, '2020-01-19', 'H'),
(7, '2020-01-19', 'A'),
(3, '2020-01-19', 'D'),
(56, '2020-01-19', 'D'),
(13, '2020-01-19', 'B'),
(48, '2020-01-19', 'B'),
(46, '2020-02-05', 'H'),
(27, '2020-02-05', 'H'),
(19, '2020-02-05', 'C'),
(36, '2020-02-05', 'C'),
(11, '2020-02-05', 'D'),
(23, '2020-02-05', 'D'),
(12, '2020-02-05', 'A'),
(59, '2020-02-05', 'B'),
(17, '2020-02-05', 'B'),
(33, '2020-02-15', 'C'),
(43, '2020-02-15', 'C'),
(37, '2020-02-15', 'H'),
(4, '2020-02-15', 'H'),
(50, '2020-02-15', 'D'),
(65, '2020-02-15', 'D'),
(5, '2020-02-15', 'A'),
(38, '2020-02-15', 'B'),
(58, '2020-02-15', 'B'),
(53, '2020-02-06', 'D'),
(62, '2020-02-06', 'D'),
(25, '2020-02-06', 'H'),
(11, '2020-02-06', 'H'),
(61, '2020-02-06', 'B'),
(42, '2020-02-06', 'B'),
(7, '2020-02-06', 'C'),
(3, '2020-02-06', 'C'),
(65, '2020-02-06', 'A'),
(14, '2020-01-22', 'H'),
(34, '2020-01-22', 'H'),
(29, '2020-01-22', 'D'),
(52, '2020-01-22', 'D'),
(16, '2020-01-22', 'D'),
(55, '2020-01-22', 'A'),
(51, '2020-01-22', 'B'),
(46, '2020-01-22', 'B'),
(57, '2020-01-22', 'C'),
(18, '2020-01-27', 'H'),
(8, '2020-01-27', 'H'),
(36, '2020-01-27', 'C'),
(7, '2020-01-27', 'C'),
(13, '2020-01-27', 'B'),
(56, '2020-01-27', 'B'),
(47, '2020-01-27', 'D'),
(16, '2020-01-27', 'D'),
(54, '2020-01-29', 'H'),
(20, '2020-01-29', 'H'),
(19, '2020-01-29', 'C'),
(30, '2020-01-29', 'C'),
(12, '2020-01-29', 'A'),
(42, '2020-01-29', 'B'),
(59, '2020-01-29', 'B'),
(3, '2020-01-29', 'D'),
(7, '2020-01-29', 'D'),
(60, '2020-02-10', 'C'),
(17, '2020-02-10', 'C'),
(27, '2020-02-10', 'H'),
(45, '2020-02-10', 'H'),
(38, '2020-02-10', 'B'),
(13, '2020-02-10', 'B'),
(23, '2020-02-10', 'D'),
(36, '2020-02-10', 'D'),
(4, '2020-02-10', 'A'),
(25, '2020-01-24', 'H'),
(54, '2020-01-24', 'H'),
(18, '2020-01-24', 'C'),
(46, '2020-01-24', 'C'),
(20, '2020-01-24', 'D'),
(42, '2020-01-24', 'D'),
(56, '2020-01-24', 'B'),
(19, '2020-01-24', 'B'),
(57, '2020-01-24', 'A'),
(61, '2020-02-12', 'C'),
(58, '2020-02-12', 'C'),
(59, '2020-02-12', 'H'),
(65, '2020-02-12', 'H'),
(11, '2020-02-12', 'A'),
(53, '2020-02-12', 'D'),
(7, '2020-02-12', 'D'),
(12, '2020-02-12', 'B'),
(17, '2020-02-12', 'B'),
(25, '2020-01-28', 'H'),
(8, '2020-01-28', 'H'),
(43, '2020-01-28', 'B'),
(56, '2020-01-28', 'B'),
(20, '2020-01-28', 'B'),
(45, '2020-01-28', 'C'),
(7, '2020-01-28', 'C'),
(46, '2020-01-28', 'D'),
(42, '2020-01-28', 'D'),
(64, '2020-01-17', 'D'),
(60, '2020-01-17', 'D'),
(14, '2020-01-17', 'C'),
(3, '2020-01-17', 'C'),
(34, '2020-01-17', 'H'),
(37, '2020-01-17', 'H'),
(51, '2020-01-17', 'B'),
(56, '2020-01-17', 'B'),
(4, '2020-01-17', 'A'),
(53, '2020-01-16', 'C'),
(61, '2020-01-16', 'C'),
(48, '2020-01-16', 'H'),
(11, '2020-01-16', 'H'),
(25, '2020-01-16', 'H'),
(7, '2020-01-16', 'H'),
(62, '2020-01-16', 'B'),
(13, '2020-01-16', 'B'),
(8, '2020-01-16', 'B'),
(45, '2020-01-16', 'B'),
(36, '2020-02-03', 'C'),
(18, '2020-02-03', 'C'),
(17, '2020-02-03', 'H'),
(20, '2020-02-03', 'H'),
(47, '2020-02-03', 'D'),
(16, '2020-02-03', 'D'),
(12, '2020-02-03', 'A'),
(65, '2020-02-03', 'B'),
(62, '2020-02-03', 'B'),
(29, '2020-01-21', 'D'),
(7, '2020-01-21', 'D'),
(38, '2020-01-21', 'H'),
(48, '2020-01-21', 'H'),
(3, '2020-01-21', 'C'),
(42, '2020-01-21', 'C'),
(25, '2020-01-21', 'B'),
(43, '2020-01-21', 'B'),
(13, '2020-01-21', 'A'),
(27, '2020-02-13', 'H'),
(4, '2020-02-13', 'H'),
(60, '2020-02-13', 'C'),
(59, '2020-02-13', 'C'),
(14, '2020-02-13', 'B'),
(20, '2020-02-13', 'B'),
(11, '2020-02-13', 'A'),
(17, '2020-02-13', 'D'),
(3, '2020-02-13', 'D'),
(46, '2020-01-30', 'C'),
(19, '2020-01-30', 'C'),
(25, '2020-01-30', 'H'),
(42, '2020-01-30', 'H'),
(43, '2020-01-30', 'B'),
(12, '2020-01-30', 'B'),
(16, '2020-01-30', 'D'),
(53, '2020-01-30', 'D'),
(62, '2020-01-30', 'A'),
(38, '2020-02-11', 'H'),
(58, '2020-02-11', 'H'),
(56, '2020-02-11', 'D'),
(3, '2020-02-11', 'D'),
(13, '2020-02-11', 'B'),
(27, '2020-02-11', 'B'),
(7, '2020-02-11', 'A'),
(61, '2020-02-11', 'C'),
(20, '2020-02-11', 'C'),
(54, '2020-01-31', 'H'),
(42, '2020-01-31', 'H'),
(50, '2020-01-31', 'C'),
(60, '2020-01-31', 'C'),
(48, '2020-01-31', 'D'),
(36, '2020-01-31', 'D'),
(59, '2020-01-31', 'B'),
(46, '2020-01-31', 'B'),
(12, '2020-01-31', 'A'),
(1, '2020-01-18', 'H'),
(21, '2020-01-18', 'H'),
(5, '2020-01-18', 'A'),
(35, '2020-01-18', 'B'),
(4, '2020-01-18', 'B'),
(23, '2020-01-18', 'D'),
(43, '2020-01-18', 'D'),
(17, '2020-01-18', 'C'),
(18, '2020-01-18', 'C'),
(55, '2020-01-23', 'H'),
(11, '2020-01-23', 'H'),
(14, '2020-01-23', 'D'),
(20, '2020-01-23', 'D'),
(29, '2020-01-23', 'C'),
(19, '2020-01-23', 'C'),
(45, '2020-01-23', 'B'),
(48, '2020-01-23', 'B'),
(13, '2020-01-23', 'A'),
(15, '2020-01-26', 'C'),
(60, '2020-01-26', 'C'),
(32, '2020-01-26', 'H'),
(25, '2020-01-26', 'H'),
(21, '2020-01-26', 'A'),
(61, '2020-01-26', 'D'),
(57, '2020-01-26', 'D'),
(55, '2020-01-26', 'B'),
(7, '2020-01-26', 'B'),
(15, '2020-02-08', 'H'),
(37, '2020-02-08', 'H'),
(1, '2020-02-08', 'B'),
(38, '2020-02-08', 'B'),
(45, '2020-02-08', 'B'),
(62, '2020-02-08', 'C'),
(30, '2020-02-08', 'C'),
(65, '2020-02-08', 'D'),
(3, '2020-02-08', 'D'),
(42, '2020-02-01', 'H'),
(46, '2020-02-01', 'H'),
(11, '2020-02-01', 'C'),
(36, '2020-02-01', 'C'),
(51, '2020-02-01', 'B'),
(7, '2020-02-01', 'B'),
(5, '2020-02-01', 'A'),
(43, '2020-02-01', 'D'),
(47, '2020-02-01', 'D'),
(37, '2020-02-07', 'H'),
(54, '2020-02-07', 'H'),
(50, '2020-02-07', 'C'),
(3, '2020-02-07', 'C'),
(65, '2020-02-07', 'A'),
(59, '2020-02-07', 'B'),
(42, '2020-02-07', 'B'),
(23, '2020-02-07', 'D'),
(62, '2020-02-07', 'D'),
(20, '2020-02-09', 'H'),
(1, '2020-02-09', 'H'),
(11, '2020-02-09', 'A'),
(46, '2020-02-09', 'C'),
(60, '2020-02-09', 'C'),
(13, '2020-02-09', 'B'),
(61, '2020-02-09', 'B'),
(7, '2020-02-09', 'D'),
(3, '2020-02-09', 'D'),
(21, '2020-01-25', 'H'),
(14, '2020-01-25', 'H'),
(57, '2020-01-25', 'A'),
(35, '2020-01-25', 'B'),
(45, '2020-01-25', 'B'),
(30, '2020-01-25', 'C'),
(42, '2020-01-25', 'C'),
(62, '2020-01-25', 'D'),
(13, '2020-01-25', 'D'),
(25, '2020-02-04', 'H'),
(12, '2020-02-04', 'H'),
(20, '2020-02-04', 'C'),
(46, '2020-02-04', 'C'),
(11, '2020-02-04', 'A'),
(61, '2020-02-04', 'B'),
(65, '2020-02-04', 'B'),
(7, '2020-02-04', 'D'),
(17, '2020-02-04', 'D'),
(8, '2020-01-20', 'H'),
(4, '2020-01-20', 'H'),
(56, '2020-01-20', 'C'),
(20, '2020-01-20', 'C'),
(16, '2020-01-20', 'D'),
(46, '2020-01-20', 'D'),
(47, '2020-01-20', 'A'),
(7, '2020-01-20', 'B'),
(61, '2020-01-20', 'B'),
(38, '2020-02-14', 'H'),
(37, '2020-02-14', 'H'),
(12, '2020-02-14', 'A'),
(42, '2020-02-14', 'C'),
(17, '2020-02-14', 'C'),
(27, '2020-02-14', 'B'),
(13, '2020-02-14', 'B'),
(11, '2020-02-14', 'D'),
(3, '2020-02-14', 'D'),
(18, '2020-01-27', 'H'),
(25, '2020-01-27', 'H'),
(47, '2020-01-27', 'C'),
(36, '2020-01-27', 'C'),
(56, '2020-01-27', 'B'),
(13, '2020-01-27', 'B'),
(7, '2020-01-27', 'A'),
(16, '2020-01-27', 'D'),
(42, '2020-01-24', 'D'),
(48, '2020-01-24', 'D'),
(29, '2020-01-24', 'H'),
(37, '2020-01-24', 'H'),
(19, '2020-01-24', 'C'),
(46, '2020-01-24', 'C'),
(57, '2020-01-24', 'A'),
(59, '2020-01-24', 'B'),
(56, '2020-01-24', 'B'),
(17, '2020-02-04', 'H'),
(12, '2020-02-04', 'H'),
(60, '2020-02-04', 'C'),
(20, '2020-02-04', 'C'),
(51, '2020-02-04', 'B'),
(43, '2020-02-04', 'B'),
(55, '2020-02-04', 'A'),
(3, '2020-02-04', 'D'),
(65, '2020-02-04', 'D'),
(62, '2020-01-25', 'H'),
(21, '2020-01-25', 'H'),
(32, '2020-01-25', 'C'),
(30, '2020-01-25', 'C'),
(61, '2020-01-25', 'B'),
(14, '2020-01-25', 'B'),
(11, '2020-01-25', 'A'),
(42, '2020-01-25', 'D'),
(13, '2020-01-25', 'D'),
(53, '2020-01-28', 'C'),
(45, '2020-01-28', 'C'),
(8, '2020-01-28', 'H'),
(25, '2020-01-28', 'H'),
(7, '2020-01-28', 'D'),
(47, '2020-01-28', 'D'),
(20, '2020-01-28', 'B'),
(43, '2020-01-28', 'B'),
(46, '2020-01-28', 'A'),
(15, '2020-02-01', 'H'),
(1, '2020-02-01', 'H'),
(5, '2020-02-01', 'A'),
(11, '2020-02-01', 'B'),
(37, '2020-02-01', 'B'),
(36, '2020-02-01', 'C'),
(60, '2020-02-01', 'C'),
(46, '2020-02-01', 'D'),
(42, '2020-02-01', 'D'),
(62, '2020-02-02', 'H'),
(45, '2020-02-02', 'H'),
(7, '2020-02-02', 'A'),
(48, '2020-02-02', 'C'),
(65, '2020-02-02', 'C'),
(5, '2020-02-02', 'B'),
(57, '2020-02-02', 'B'),
(3, '2020-02-02', 'D'),
(47, '2020-02-02', 'D'),
(34, '2020-01-17', 'H'),
(4, '2020-01-17', 'H'),
(52, '2020-01-17', 'C'),
(50, '2020-01-17', 'C'),
(64, '2020-01-17', 'D'),
(23, '2020-01-17', 'D'),
(51, '2020-01-17', 'B'),
(18, '2020-01-17', 'B'),
(8, '2020-01-17', 'B'),
(27, '2020-02-10', 'C'),
(58, '2020-02-10', 'C'),
(38, '2020-02-10', 'H'),
(17, '2020-02-10', 'H'),
(12, '2020-02-10', 'A'),
(60, '2020-02-10', 'B'),
(7, '2020-02-10', 'B'),
(61, '2020-02-10', 'D'),
(11, '2020-02-10', 'D'),
(20, '2020-01-20', 'C'),
(59, '2020-01-20', 'C'),
(29, '2020-01-20', 'H'),
(56, '2020-01-20', 'H'),
(16, '2020-01-20', 'D'),
(46, '2020-01-20', 'D'),
(4, '2020-01-20', 'A'),
(17, '2020-01-20', 'B'),
(7, '2020-01-20', 'B'),
(14, '2020-02-11', 'C'),
(3, '2020-02-11', 'C'),
(42, '2020-02-11', 'H'),
(13, '2020-02-11', 'H'),
(20, '2020-02-11', 'D'),
(62, '2020-02-11', 'D'),
(61, '2020-02-11', 'A'),
(43, '2020-02-11', 'B'),
(65, '2020-02-11', 'B'),
(35, '2020-01-26', 'H'),
(25, '2020-01-26', 'H'),
(45, '2020-01-26', 'B'),
(1, '2020-01-26', 'B'),
(15, '2020-01-26', 'C'),
(55, '2020-01-26', 'C'),
(21, '2020-01-26', 'A'),
(42, '2020-01-26', 'D'),
(48, '2020-01-26', 'D'),
(19, '2020-01-23', 'C'),
(13, '2020-01-23', 'C'),
(25, '2020-01-23', 'H'),
(11, '2020-01-23', 'H'),
(45, '2020-01-23', 'B'),
(8, '2020-01-23', 'B'),
(7, '2020-01-23', 'A'),
(29, '2020-01-23', 'D'),
(20, '2020-01-23', 'D'),
(60, '2020-02-13', 'C'),
(3, '2020-02-13', 'C'),
(27, '2020-02-13', 'H'),
(14, '2020-02-13', 'H'),
(56, '2020-02-13', 'B'),
(4, '2020-02-13', 'B'),
(58, '2020-02-13', 'A'),
(59, '2020-02-13', 'D'),
(62, '2020-02-13', 'D'),
(54, '2020-02-07', 'H'),
(38, '2020-02-07', 'H'),
(12, '2020-02-07', 'A'),
(23, '2020-02-07', 'D'),
(53, '2020-02-07', 'D'),
(57, '2020-02-07', 'C'),
(7, '2020-02-07', 'C'),
(37, '2020-02-07', 'B'),
(18, '2020-02-07', 'B'),
(54, '2020-01-31', 'H'),
(25, '2020-01-31', 'H'),
(50, '2020-01-31', 'C'),
(36, '2020-01-31', 'C'),
(46, '2020-01-31', 'A'),
(12, '2020-01-31', 'B'),
(42, '2020-01-31', 'B'),
(3, '2020-01-31', 'D'),
(16, '2020-01-31', 'D'),
(11, '2020-02-06', 'C'),
(17, '2020-02-06', 'C'),
(61, '2020-02-06', 'B'),
(19, '2020-02-06', 'B'),
(65, '2020-02-06', 'H'),
(43, '2020-02-06', 'H'),
(20, '2020-02-06', 'D'),
(7, '2020-02-06', 'D'),
(46, '2020-02-06', 'A'),
(32, '2020-01-18', 'C'),
(60, '2020-01-18', 'C'),
(35, '2020-01-18', 'H'),
(14, '2020-01-18', 'H'),
(59, '2020-01-18', 'A'),
(48, '2020-01-18', 'D'),
(13, '2020-01-18', 'D'),
(62, '2020-01-18', 'B'),
(42, '2020-01-18', 'B'),
(30, '2020-02-05', 'C'),
(20, '2020-02-05', 'C'),
(25, '2020-02-05', 'H'),
(11, '2020-02-05', 'H'),
(17, '2020-02-05', 'B'),
(12, '2020-02-05', 'B'),
(23, '2020-02-05', 'D'),
(3, '2020-02-05', 'D'),
(27, '2020-02-05', 'A'),
(55, '2020-01-22', 'A'),
(53, '2020-01-22', 'D'),
(7, '2020-01-22', 'D'),
(34, '2020-01-22', 'H'),
(38, '2020-01-22', 'H'),
(36, '2020-01-22', 'C'),
(56, '2020-01-22', 'C'),
(4, '2020-01-22', 'B'),
(59, '2020-01-22', 'B'),
(45, '2020-01-19', 'H'),
(21, '2020-01-19', 'H'),
(47, '2020-01-19', 'C'),
(57, '2020-01-19', 'C'),
(30, '2020-01-19', 'D'),
(14, '2020-01-19', 'D'),
(42, '2020-01-19', 'A'),
(13, '2020-01-19', 'B'),
(17, '2020-01-19', 'B'),
(38, '2020-02-09', 'H'),
(5, '2020-02-09', 'H'),
(65, '2020-02-09', 'C'),
(60, '2020-02-09', 'C'),
(61, '2020-02-09', 'B'),
(1, '2020-02-09', 'B'),
(46, '2020-02-09', 'A'),
(62, '2020-02-09', 'D'),
(3, '2020-02-09', 'D'),
(15, '2020-02-08', 'H'),
(37, '2020-02-08', 'H'),
(45, '2020-02-08', 'B'),
(21, '2020-02-08', 'B'),
(43, '2020-02-08', 'C'),
(7, '2020-02-08', 'C'),
(11, '2020-02-08', 'A'),
(42, '2020-02-08', 'D'),
(13, '2020-02-08', 'D'),
(19, '2020-01-30', 'B'),
(7, '2020-01-30', 'B'),
(56, '2020-01-30', 'D'),
(62, '2020-01-30', 'D'),
(20, '2020-01-30', 'H'),
(48, '2020-01-30', 'H'),
(46, '2020-01-30', 'C'),
(61, '2020-01-30', 'C'),
(12, '2020-01-30', 'A'),
(54, '2020-01-29', 'H'),
(25, '2020-01-29', 'H'),
(16, '2020-01-29', 'D'),
(42, '2020-01-29', 'D'),
(36, '2020-01-29', 'C'),
(3, '2020-01-29', 'C'),
(35, '2020-01-29', 'B'),
(46, '2020-01-29', 'B'),
(55, '2020-01-29', 'A'),
(54, '2020-02-12', 'H'),
(38, '2020-02-12', 'H'),
(53, '2020-02-12', 'D'),
(59, '2020-02-12', 'D'),
(56, '2020-02-12', 'C'),
(20, '2020-02-12', 'C'),
(27, '2020-02-12', 'A'),
(17, '2020-02-12', 'B'),
(12, '2020-02-12', 'B'),
(4, '2020-01-16', 'H'),
(13, '2020-01-16', 'H'),
(7, '2020-01-16', 'H'),
(20, '2020-01-16', 'H'),
(45, '2020-01-16', 'B'),
(11, '2020-01-16', 'B'),
(43, '2020-01-16', 'B'),
(8, '2020-01-16', 'B'),
(61, '2020-01-16', 'C'),
(53, '2020-01-16', 'C'),
(25, '2020-01-21', 'H'),
(48, '2020-01-21', 'H'),
(3, '2020-01-21', 'C'),
(7, '2020-01-21', 'C'),
(29, '2020-01-21', 'D'),
(16, '2020-01-21', 'D'),
(13, '2020-01-21', 'A'),
(42, '2020-01-21', 'B'),
(4, '2020-01-21', 'B'),
(51, '2020-02-03', 'B'),
(17, '2020-02-03', 'B'),
(18, '2020-02-03', 'C'),
(36, '2020-02-03', 'C'),
(65, '2020-02-03', 'H'),
(20, '2020-02-03', 'H'),
(62, '2020-02-03', 'D'),
(11, '2020-02-03', 'D'),
(47, '2020-02-03', 'A'),
(58, '2020-02-14', 'H'),
(38, '2020-02-14', 'H'),
(57, '2020-02-14', 'C'),
(65, '2020-02-14', 'C'),
(23, '2020-02-14', 'D'),
(3, '2020-02-14', 'D'),
(12, '2020-02-14', 'A'),
(37, '2020-02-14', 'B'),
(7, '2020-02-14', 'B'),
(33, '2020-02-15', 'H'),
(42, '2020-02-15', 'H'),
(19, '2020-02-15', 'C'),
(5, '2020-02-15', 'C'),
(50, '2020-02-15', 'D'),
(43, '2020-02-15', 'D'),
(17, '2020-02-15', 'B'),
(13, '2020-02-15', 'B'),
(27, '2020-02-15', 'A'),
(47, '2020-01-20', 'H'),
(29, '2020-01-20', 'H'),
(20, '2020-01-20', 'C'),
(59, '2020-01-20', 'C'),
(56, '2020-01-20', 'A'),
(7, '2020-01-20', 'B'),
(46, '2020-01-20', 'B'),
(16, '2020-01-20', 'D'),
(17, '2020-02-10', 'C'),
(36, '2020-02-10', 'C'),
(18, '2020-02-10', 'H'),
(42, '2020-02-10', 'H'),
(13, '2020-02-10', 'B'),
(4, '2020-02-10', 'B'),
(58, '2020-02-10', 'D'),
(11, '2020-02-10', 'D'),
(61, '2020-02-10', 'A'),
(62, '2020-02-15', 'H'),
(37, '2020-02-15', 'H'),
(27, '2020-02-15', 'C'),
(19, '2020-02-15', 'C'),
(57, '2020-02-15', 'D'),
(65, '2020-02-15', 'D'),
(21, '2020-02-15', 'A'),
(38, '2020-02-15', 'B'),
(5, '2020-02-15', 'B'),
(48, '2020-01-19', 'H'),
(32, '2020-01-19', 'H'),
(30, '2020-01-19', 'C'),
(3, '2020-01-19', 'C'),
(45, '2020-01-19', 'B'),
(35, '2020-01-19', 'B'),
(17, '2020-01-19', 'B'),
(14, '2020-01-19', 'D'),
(13, '2020-01-19', 'D'),
(60, '2020-01-18', 'C'),
(43, '2020-01-18', 'C'),
(34, '2020-01-18', 'H'),
(55, '2020-01-18', 'H'),
(23, '2020-01-18', 'D'),
(53, '2020-01-18', 'D'),
(1, '2020-01-18', 'B'),
(42, '2020-01-18', 'B'),
(7, '2020-01-18', 'A'),
(15, '2020-02-05', 'H'),
(25, '2020-02-05', 'H'),
(12, '2020-02-05', 'A'),
(20, '2020-02-05', 'C'),
(3, '2020-02-05', 'C'),
(23, '2020-02-05', 'D'),
(62, '2020-02-05', 'D'),
(59, '2020-02-05', 'B'),
(11, '2020-02-05', 'B'),
(52, '2020-01-17', 'H'),
(54, '2020-01-17', 'H'),
(50, '2020-01-17', 'C'),
(56, '2020-01-17', 'C'),
(51, '2020-01-17', 'B'),
(8, '2020-01-17', 'B'),
(64, '2020-01-17', 'D'),
(14, '2020-01-17', 'D'),
(4, '2020-01-17', 'A'),
(38, '2020-02-07', 'H'),
(37, '2020-02-07', 'H'),
(18, '2020-02-07', 'C'),
(7, '2020-02-07', 'C'),
(65, '2020-02-07', 'A'),
(46, '2020-02-07', 'B'),
(42, '2020-02-07', 'B'),
(23, '2020-02-07', 'D'),
(53, '2020-02-07', 'D'),
(45, '2020-02-01', 'H'),
(12, '2020-02-01', 'H'),
(36, '2020-02-01', 'C'),
(60, '2020-02-01', 'C'),
(3, '2020-02-01', 'D'),
(43, '2020-02-01', 'D'),
(47, '2020-02-01', 'A'),
(7, '2020-02-01', 'B'),
(5, '2020-02-01', 'B'),
(17, '2020-02-04', 'H'),
(11, '2020-02-04', 'H'),
(61, '2020-02-04', 'C'),
(20, '2020-02-04', 'C'),
(51, '2020-02-04', 'B'),
(62, '2020-02-04', 'B'),
(46, '2020-02-04', 'D'),
(42, '2020-02-04', 'D'),
(65, '2020-02-04', 'A'),
(25, '2020-01-27', 'H'),
(13, '2020-01-27', 'H'),
(8, '2020-01-27', 'B'),
(18, '2020-01-27', 'B'),
(7, '2020-01-27', 'A'),
(36, '2020-01-27', 'C'),
(47, '2020-01-27', 'C'),
(56, '2020-01-27', 'D'),
(16, '2020-01-27', 'D'),
(19, '2020-01-28', 'C'),
(45, '2020-01-28', 'C'),
(48, '2020-01-28', 'H'),
(11, '2020-01-28', 'H'),
(25, '2020-01-28', 'B'),
(43, '2020-01-28', 'B'),
(7, '2020-01-28', 'A'),
(46, '2020-01-28', 'D'),
(42, '2020-01-28', 'D'),
(54, '2020-01-29', 'H'),
(15, '2020-01-29', 'H'),
(30, '2020-01-29', 'C'),
(34, '2020-01-29', 'C'),
(55, '2020-01-29', 'A'),
(3, '2020-01-29', 'D'),
(56, '2020-01-29', 'D'),
(59, '2020-01-29', 'B'),
(12, '2020-01-29', 'B'),
(57, '2020-01-24', 'H'),
(37, '2020-01-24', 'H'),
(19, '2020-01-24', 'C'),
(7, '2020-01-24', 'C'),
(20, '2020-01-24', 'D'),
(48, '2020-01-24', 'D'),
(13, '2020-01-24', 'B'),
(59, '2020-01-24', 'B'),
(46, '2020-01-24', 'A'),
(27, '2020-02-06', 'H'),
(25, '2020-02-06', 'H'),
(17, '2020-02-06', 'C'),
(20, '2020-02-06', 'C'),
(61, '2020-02-06', 'B'),
(42, '2020-02-06', 'B'),
(53, '2020-02-06', 'D'),
(3, '2020-02-06', 'D'),
(65, '2020-02-06', 'A'),
(8, '2020-01-16', 'H'),
(11, '2020-01-16', 'H'),
(43, '2020-01-16', 'H'),
(25, '2020-01-16', 'H'),
(4, '2020-01-16', 'B'),
(62, '2020-01-16', 'B'),
(45, '2020-01-16', 'B'),
(13, '2020-01-16', 'B'),
(7, '2020-01-16', 'C'),
(61, '2020-01-16', 'C'),
(53, '2020-01-16', 'C'),
(29, '2020-01-23', 'C'),
(57, '2020-01-23', 'C'),
(14, '2020-01-23', 'D'),
(16, '2020-01-23', 'D'),
(19, '2020-01-23', 'B'),
(11, '2020-01-23', 'B'),
(48, '2020-01-23', 'H'),
(8, '2020-01-23', 'H'),
(4, '2020-01-23', 'A'),
(50, '2020-01-31', 'C'),
(60, '2020-01-31', 'C'),
(54, '2020-01-31', 'H'),
(12, '2020-01-31', 'H'),
(36, '2020-01-31', 'D'),
(3, '2020-01-31', 'D'),
(20, '2020-01-31', 'B'),
(18, '2020-01-31', 'B'),
(46, '2020-01-31', 'A'),
(17, '2020-02-03', 'H'),
(25, '2020-02-03', 'H'),
(60, '2020-02-03', 'C'),
(36, '2020-02-03', 'C'),
(16, '2020-02-03', 'D'),
(59, '2020-02-03', 'D'),
(42, '2020-02-03', 'B'),
(20, '2020-02-03', 'B'),
(12, '2020-02-03', 'A'),
(58, '2020-02-11', 'C'),
(27, '2020-02-11', 'C'),
(38, '2020-02-11', 'H'),
(62, '2020-02-11', 'H'),
(7, '2020-02-11', 'D'),
(14, '2020-02-11', 'D'),
(61, '2020-02-11', 'A'),
(43, '2020-02-11', 'B'),
(65, '2020-02-11', 'B'),
(56, '2020-02-13', 'C'),
(3, '2020-02-13', 'C'),
(17, '2020-02-13', 'H'),
(13, '2020-02-13', 'H'),
(11, '2020-02-13', 'D'),
(7, '2020-02-13', 'D'),
(38, '2020-02-13', 'B'),
(42, '2020-02-13', 'B'),
(20, '2020-02-13', 'B'),
(48, '2020-01-21', 'H'),
(4, '2020-01-21', 'H'),
(29, '2020-01-21', 'D'),
(20, '2020-01-21', 'D'),
(46, '2020-01-21', 'A'),
(25, '2020-01-21', 'B'),
(43, '2020-01-21', 'B'),
(13, '2020-01-21', 'C'),
(3, '2020-01-21', 'C'),
(19, '2020-01-30', 'B'),
(42, '2020-01-30', 'B'),
(48, '2020-01-30', 'B'),
(62, '2020-01-30', 'C'),
(7, '2020-01-30', 'C'),
(12, '2020-01-30', 'H'),
(45, '2020-01-30', 'H'),
(16, '2020-01-30', 'D'),
(56, '2020-01-30', 'D'),
(21, '2020-01-25', 'H'),
(35, '2020-01-25', 'H'),
(32, '2020-01-25', 'C'),
(1, '2020-01-25', 'C'),
(37, '2020-01-25', 'B'),
(46, '2020-01-25', 'B'),
(30, '2020-01-25', 'D'),
(47, '2020-01-25', 'D'),
(55, '2020-01-25', 'A'),
(60, '2020-01-26', 'C'),
(42, '2020-01-26', 'C'),
(21, '2020-01-26', 'H'),
(35, '2020-01-26', 'H'),
(61, '2020-01-26', 'D'),
(59, '2020-01-26', 'D'),
(57, '2020-01-26', 'A'),
(20, '2020-01-26', 'B'),
(45, '2020-01-26', 'B'),
(25, '2020-02-14', 'H'),
(14, '2020-02-14', 'H'),
(58, '2020-02-14', 'A'),
(27, '2020-02-14', 'C'),
(11, '2020-02-14', 'C'),
(23, '2020-02-14', 'D'),
(7, '2020-02-14', 'D'),
(17, '2020-02-14', 'B'),
(13, '2020-02-14', 'B'),
(62, '2020-02-02', 'H'),
(5, '2020-02-02', 'H'),
(15, '2020-02-02', 'C'),
(60, '2020-02-02', 'C'),
(51, '2020-02-02', 'B'),
(47, '2020-02-02', 'B'),
(65, '2020-02-02', 'D'),
(3, '2020-02-02', 'D'),
(12, '2020-02-02', 'A'),
(54, '2020-02-12', 'H'),
(38, '2020-02-12', 'H'),
(4, '2020-02-12', 'A'),
(20, '2020-02-12', 'C'),
(11, '2020-02-12', 'C'),
(17, '2020-02-12', 'B'),
(61, '2020-02-12', 'B'),
(7, '2020-02-12', 'D'),
(3, '2020-02-12', 'D'),
(1, '2020-02-09', 'H'),
(21, '2020-02-09', 'H'),
(60, '2020-02-09', 'C'),
(65, '2020-02-09', 'C'),
(42, '2020-02-09', 'D'),
(27, '2020-02-09', 'D'),
(62, '2020-02-09', 'A'),
(12, '2020-02-09', 'B'),
(46, '2020-02-09', 'B'),
(57, '2020-02-08', 'C'),
(36, '2020-02-08', 'C'),
(37, '2020-02-08', 'H'),
(38, '2020-02-08', 'H'),
(50, '2020-02-08', 'D'),
(13, '2020-02-08', 'D'),
(5, '2020-02-08', 'A'),
(45, '2020-02-08', 'B'),
(7, '2020-02-08', 'B'),
(56, '2020-01-22', 'C'),
(30, '2020-01-22', 'C'),
(15, '2020-01-22', 'H'),
(42, '2020-01-22', 'H'),
(55, '2020-01-22', 'A'),
(29, '2020-01-22', 'D'),
(53, '2020-01-22', 'D'),
(17, '2020-01-22', 'B'),
(46, '2020-01-22', 'B');

-- --------------------------------------------------------

--
-- テーブルの構造 `shifts_submitted`
--

CREATE TABLE `shifts_submitted` (
  `id_user` int(11) NOT NULL,
  `m` char(6) NOT NULL,
  `1A` tinyint(1) NOT NULL DEFAULT '0',
  `1B` tinyint(1) NOT NULL DEFAULT '0',
  `1H` tinyint(1) NOT NULL DEFAULT '0',
  `1C` tinyint(1) NOT NULL DEFAULT '0',
  `1D` tinyint(1) NOT NULL DEFAULT '0',
  `1O` tinyint(1) NOT NULL DEFAULT '0',
  `2A` tinyint(1) NOT NULL DEFAULT '0',
  `2B` tinyint(1) NOT NULL DEFAULT '0',
  `2H` tinyint(1) NOT NULL DEFAULT '0',
  `2C` tinyint(1) NOT NULL DEFAULT '0',
  `2D` tinyint(1) NOT NULL DEFAULT '0',
  `2O` tinyint(1) NOT NULL DEFAULT '0',
  `3A` tinyint(1) NOT NULL DEFAULT '0',
  `3B` tinyint(1) NOT NULL DEFAULT '0',
  `3H` tinyint(1) NOT NULL DEFAULT '0',
  `3C` tinyint(1) NOT NULL DEFAULT '0',
  `3D` tinyint(1) NOT NULL DEFAULT '0',
  `3O` tinyint(1) NOT NULL DEFAULT '0',
  `4A` tinyint(1) NOT NULL DEFAULT '0',
  `4B` tinyint(1) NOT NULL DEFAULT '0',
  `4H` tinyint(1) NOT NULL DEFAULT '0',
  `4C` tinyint(1) NOT NULL DEFAULT '0',
  `4D` tinyint(1) NOT NULL DEFAULT '0',
  `4O` tinyint(1) NOT NULL DEFAULT '0',
  `5A` tinyint(1) NOT NULL DEFAULT '0',
  `5B` tinyint(1) NOT NULL DEFAULT '0',
  `5H` tinyint(1) NOT NULL DEFAULT '0',
  `5C` tinyint(1) NOT NULL DEFAULT '0',
  `5D` tinyint(1) NOT NULL DEFAULT '0',
  `5O` tinyint(1) NOT NULL DEFAULT '0',
  `6A` tinyint(1) NOT NULL DEFAULT '0',
  `6B` tinyint(1) NOT NULL DEFAULT '0',
  `6H` tinyint(1) NOT NULL DEFAULT '0',
  `6C` tinyint(1) NOT NULL DEFAULT '0',
  `6D` tinyint(1) NOT NULL DEFAULT '0',
  `6O` tinyint(1) NOT NULL DEFAULT '0',
  `7A` tinyint(1) NOT NULL DEFAULT '0',
  `7B` tinyint(1) NOT NULL DEFAULT '0',
  `7H` tinyint(1) NOT NULL DEFAULT '0',
  `7C` tinyint(1) NOT NULL DEFAULT '0',
  `7D` tinyint(1) NOT NULL DEFAULT '0',
  `7O` tinyint(1) NOT NULL DEFAULT '0',
  `8A` tinyint(1) NOT NULL DEFAULT '0',
  `8B` tinyint(1) NOT NULL DEFAULT '0',
  `8H` tinyint(1) NOT NULL DEFAULT '0',
  `8C` tinyint(1) NOT NULL DEFAULT '0',
  `8D` tinyint(1) NOT NULL DEFAULT '0',
  `8O` tinyint(1) NOT NULL DEFAULT '0',
  `9A` tinyint(1) NOT NULL DEFAULT '0',
  `9B` tinyint(1) NOT NULL DEFAULT '0',
  `9H` tinyint(1) NOT NULL DEFAULT '0',
  `9C` tinyint(1) NOT NULL DEFAULT '0',
  `9D` tinyint(1) NOT NULL DEFAULT '0',
  `9O` tinyint(1) NOT NULL DEFAULT '0',
  `10A` tinyint(1) NOT NULL DEFAULT '0',
  `10B` tinyint(1) NOT NULL DEFAULT '0',
  `10H` tinyint(1) NOT NULL DEFAULT '0',
  `10C` tinyint(1) NOT NULL DEFAULT '0',
  `10D` tinyint(1) NOT NULL DEFAULT '0',
  `10O` tinyint(1) NOT NULL DEFAULT '0',
  `11A` tinyint(1) NOT NULL DEFAULT '0',
  `11B` tinyint(1) NOT NULL DEFAULT '0',
  `11H` tinyint(1) NOT NULL DEFAULT '0',
  `11C` tinyint(1) NOT NULL DEFAULT '0',
  `11D` tinyint(1) NOT NULL DEFAULT '0',
  `11O` tinyint(1) NOT NULL DEFAULT '0',
  `12A` tinyint(1) NOT NULL DEFAULT '0',
  `12B` tinyint(1) NOT NULL DEFAULT '0',
  `12H` tinyint(1) NOT NULL DEFAULT '0',
  `12C` tinyint(1) NOT NULL DEFAULT '0',
  `12D` tinyint(1) NOT NULL DEFAULT '0',
  `12O` tinyint(1) NOT NULL DEFAULT '0',
  `13A` tinyint(1) NOT NULL DEFAULT '0',
  `13B` tinyint(1) NOT NULL DEFAULT '0',
  `13H` tinyint(1) NOT NULL DEFAULT '0',
  `13C` tinyint(1) NOT NULL DEFAULT '0',
  `13D` tinyint(1) NOT NULL DEFAULT '0',
  `13O` tinyint(1) NOT NULL DEFAULT '0',
  `14A` tinyint(1) NOT NULL DEFAULT '0',
  `14B` tinyint(1) NOT NULL DEFAULT '0',
  `14H` tinyint(1) NOT NULL DEFAULT '0',
  `14C` tinyint(1) NOT NULL DEFAULT '0',
  `14D` tinyint(1) NOT NULL DEFAULT '0',
  `14O` tinyint(1) NOT NULL DEFAULT '0',
  `15A` tinyint(1) NOT NULL DEFAULT '0',
  `15B` tinyint(1) NOT NULL DEFAULT '0',
  `15H` tinyint(1) NOT NULL DEFAULT '0',
  `15C` tinyint(1) NOT NULL DEFAULT '0',
  `15D` tinyint(1) NOT NULL DEFAULT '0',
  `15O` tinyint(1) NOT NULL DEFAULT '0',
  `16A` tinyint(1) NOT NULL DEFAULT '0',
  `16B` tinyint(1) NOT NULL DEFAULT '0',
  `16H` tinyint(1) NOT NULL DEFAULT '0',
  `16C` tinyint(1) NOT NULL DEFAULT '0',
  `16D` tinyint(1) NOT NULL DEFAULT '0',
  `16O` tinyint(1) NOT NULL DEFAULT '0',
  `17A` tinyint(1) NOT NULL DEFAULT '0',
  `17B` tinyint(1) NOT NULL DEFAULT '0',
  `17H` tinyint(1) NOT NULL DEFAULT '0',
  `17C` tinyint(1) NOT NULL DEFAULT '0',
  `17D` tinyint(1) NOT NULL DEFAULT '0',
  `17O` tinyint(1) NOT NULL DEFAULT '0',
  `18A` tinyint(1) NOT NULL DEFAULT '0',
  `18B` tinyint(1) NOT NULL DEFAULT '0',
  `18H` tinyint(1) NOT NULL DEFAULT '0',
  `18C` tinyint(1) NOT NULL DEFAULT '0',
  `18D` tinyint(1) NOT NULL DEFAULT '0',
  `18O` tinyint(1) NOT NULL DEFAULT '0',
  `19A` tinyint(1) NOT NULL DEFAULT '0',
  `19B` tinyint(1) NOT NULL DEFAULT '0',
  `19H` tinyint(1) NOT NULL DEFAULT '0',
  `19C` tinyint(1) NOT NULL DEFAULT '0',
  `19D` tinyint(1) NOT NULL DEFAULT '0',
  `19O` tinyint(1) NOT NULL DEFAULT '0',
  `20A` tinyint(1) NOT NULL DEFAULT '0',
  `20B` tinyint(1) NOT NULL DEFAULT '0',
  `20H` tinyint(1) NOT NULL DEFAULT '0',
  `20C` tinyint(1) NOT NULL DEFAULT '0',
  `20D` tinyint(1) NOT NULL DEFAULT '0',
  `20O` tinyint(1) NOT NULL DEFAULT '0',
  `21A` tinyint(1) NOT NULL DEFAULT '0',
  `21B` tinyint(1) NOT NULL DEFAULT '0',
  `21H` tinyint(1) NOT NULL DEFAULT '0',
  `21C` tinyint(1) NOT NULL DEFAULT '0',
  `21D` tinyint(1) NOT NULL DEFAULT '0',
  `21O` tinyint(1) NOT NULL DEFAULT '0',
  `22A` tinyint(1) NOT NULL DEFAULT '0',
  `22B` tinyint(1) NOT NULL DEFAULT '0',
  `22H` tinyint(1) NOT NULL DEFAULT '0',
  `22C` tinyint(1) NOT NULL DEFAULT '0',
  `22D` tinyint(1) NOT NULL DEFAULT '0',
  `22O` tinyint(1) NOT NULL DEFAULT '0',
  `23A` tinyint(1) NOT NULL DEFAULT '0',
  `23B` tinyint(1) NOT NULL DEFAULT '0',
  `23H` tinyint(1) NOT NULL DEFAULT '0',
  `23C` tinyint(1) NOT NULL DEFAULT '0',
  `23D` tinyint(1) NOT NULL DEFAULT '0',
  `23O` tinyint(1) NOT NULL DEFAULT '0',
  `24A` tinyint(1) NOT NULL DEFAULT '0',
  `24B` tinyint(1) NOT NULL DEFAULT '0',
  `24H` tinyint(1) NOT NULL DEFAULT '0',
  `24C` tinyint(1) NOT NULL DEFAULT '0',
  `24D` tinyint(1) NOT NULL DEFAULT '0',
  `24O` tinyint(1) NOT NULL DEFAULT '0',
  `25A` tinyint(1) NOT NULL DEFAULT '0',
  `25B` tinyint(1) NOT NULL DEFAULT '0',
  `25H` tinyint(1) NOT NULL DEFAULT '0',
  `25C` tinyint(1) NOT NULL DEFAULT '0',
  `25D` tinyint(1) NOT NULL DEFAULT '0',
  `25O` tinyint(1) NOT NULL DEFAULT '0',
  `26A` tinyint(1) NOT NULL DEFAULT '0',
  `26B` tinyint(1) NOT NULL DEFAULT '0',
  `26H` tinyint(1) NOT NULL DEFAULT '0',
  `26C` tinyint(1) NOT NULL DEFAULT '0',
  `26D` tinyint(1) NOT NULL DEFAULT '0',
  `26O` tinyint(1) NOT NULL DEFAULT '0',
  `27A` tinyint(1) NOT NULL DEFAULT '0',
  `27B` tinyint(1) NOT NULL DEFAULT '0',
  `27H` tinyint(1) NOT NULL DEFAULT '0',
  `27C` tinyint(1) NOT NULL DEFAULT '0',
  `27D` tinyint(1) NOT NULL DEFAULT '0',
  `27O` tinyint(1) NOT NULL DEFAULT '0',
  `28A` tinyint(1) NOT NULL DEFAULT '0',
  `28B` tinyint(1) NOT NULL DEFAULT '0',
  `28H` tinyint(1) NOT NULL DEFAULT '0',
  `28C` tinyint(1) NOT NULL DEFAULT '0',
  `28D` tinyint(1) NOT NULL DEFAULT '0',
  `28O` tinyint(1) NOT NULL DEFAULT '0',
  `29A` tinyint(1) NOT NULL DEFAULT '0',
  `29B` tinyint(1) NOT NULL DEFAULT '0',
  `29H` tinyint(1) NOT NULL DEFAULT '0',
  `29C` tinyint(1) NOT NULL DEFAULT '0',
  `29D` tinyint(1) NOT NULL DEFAULT '0',
  `29O` tinyint(1) NOT NULL DEFAULT '0',
  `30A` tinyint(1) NOT NULL DEFAULT '0',
  `30B` tinyint(1) NOT NULL DEFAULT '0',
  `30H` tinyint(1) NOT NULL DEFAULT '0',
  `30C` tinyint(1) NOT NULL DEFAULT '0',
  `30D` tinyint(1) NOT NULL DEFAULT '0',
  `30O` tinyint(1) NOT NULL DEFAULT '0',
  `31A` tinyint(1) NOT NULL DEFAULT '0',
  `31B` tinyint(1) NOT NULL DEFAULT '0',
  `31H` tinyint(1) NOT NULL DEFAULT '0',
  `31C` tinyint(1) NOT NULL DEFAULT '0',
  `31D` tinyint(1) NOT NULL DEFAULT '0',
  `31O` tinyint(1) NOT NULL DEFAULT '0'
) ENGINE=InnoDB DEFAULT CHARSET=utf8;

--
-- テーブルのデータのダンプ `shifts_submitted`
--

INSERT INTO `shifts_submitted` (`id_user`, `m`, `1A`, `1B`, `1H`, `1C`, `1D`, `1O`, `2A`, `2B`, `2H`, `2C`, `2D`, `2O`, `3A`, `3B`, `3H`, `3C`, `3D`, `3O`, `4A`, `4B`, `4H`, `4C`, `4D`, `4O`, `5A`, `5B`, `5H`, `5C`, `5D`, `5O`, `6A`, `6B`, `6H`, `6C`, `6D`, `6O`, `7A`, `7B`, `7H`, `7C`, `7D`, `7O`, `8A`, `8B`, `8H`, `8C`, `8D`, `8O`, `9A`, `9B`, `9H`, `9C`, `9D`, `9O`, `10A`, `10B`, `10H`, `10C`, `10D`, `10O`, `11A`, `11B`, `11H`, `11C`, `11D`, `11O`, `12A`, `12B`, `12H`, `12C`, `12D`, `12O`, `13A`, `13B`, `13H`, `13C`, `13D`, `13O`, `14A`, `14B`, `14H`, `14C`, `14D`, `14O`, `15A`, `15B`, `15H`, `15C`, `15D`, `15O`, `16A`, `16B`, `16H`, `16C`, `16D`, `16O`, `17A`, `17B`, `17H`, `17C`, `17D`, `17O`, `18A`, `18B`, `18H`, `18C`, `18D`, `18O`, `19A`, `19B`, `19H`, `19C`, `19D`, `19O`, `20A`, `20B`, `20H`, `20C`, `20D`, `20O`, `21A`, `21B`, `21H`, `21C`, `21D`, `21O`, `22A`, `22B`, `22H`, `22C`, `22D`, `22O`, `23A`, `23B`, `23H`, `23C`, `23D`, `23O`, `24A`, `24B`, `24H`, `24C`, `24D`, `24O`, `25A`, `25B`, `25H`, `25C`, `25D`, `25O`, `26A`, `26B`, `26H`, `26C`, `26D`, `26O`, `27A`, `27B`, `27H`, `27C`, `27D`, `27O`, `28A`, `28B`, `28H`, `28C`, `28D`, `28O`, `29A`, `29B`, `29H`, `29C`, `29D`, `29O`, `30A`, `30B`, `30H`, `30C`, `30D`, `30O`, `31A`, `31B`, `31H`, `31C`, `31D`, `31O`) VALUES
(1, '202002', 0, 1, 1, 1, 0, 0, 0, 0, 0, 0, 0, 0, 0, 0, 0, 0, 0, 0, 0, 0, 0, 0, 0, 0, 0, 0, 0, 0, 0, 0, 0, 0, 0, 0, 0, 0, 0, 0, 0, 0, 0, 0, 0, 1, 1, 0, 0, 0, 0, 1, 1, 0, 0, 0, 0, 0, 0, 0, 0, 0, 0, 0, 0, 0, 0, 0, 0, 0, 0, 0, 0, 0, 0, 0, 0, 0, 0, 0, 0, 0, 0, 0, 0, 0, 0, 0, 0, 0, 0, 0, 0, 0, 0, 0, 0, 0, 0, 0, 0, 0, 0, 0, 0, 1, 1, 0, 0, 0, 0, 0, 0, 0, 0, 0, 0, 0, 0, 0, 0, 0, 0, 0, 0, 0, 0, 0, 0, 0, 0, 0, 0, 0, 0, 0, 0, 0, 0, 0, 0, 0, 0, 0, 0, 0, 0, 0, 0, 1, 0, 0, 0, 1, 1, 0, 0, 0, 0, 0, 0, 0, 0, 0, 0, 0, 0, 0, 0, 0, 0, 0, 0, 0, 0, 0, 0, 0, 0, 0, 0, 0, 0, 0, 0, 0, 0, 0),
(3, '202002', 0, 0, 0, 1, 1, 0, 0, 0, 0, 1, 1, 0, 0, 0, 0, 1, 1, 0, 0, 0, 0, 1, 1, 0, 0, 0, 0, 1, 1, 0, 0, 0, 0, 1, 1, 0, 0, 0, 0, 1, 1, 0, 0, 0, 0, 1, 1, 0, 0, 0, 0, 1, 1, 0, 0, 0, 0, 1, 1, 0, 0, 0, 0, 1, 1, 0, 0, 0, 0, 1, 1, 0, 0, 0, 0, 1, 1, 0, 0, 0, 0, 1, 1, 0, 0, 0, 0, 1, 1, 0, 0, 0, 0, 0, 0, 0, 0, 0, 0, 1, 1, 0, 0, 0, 0, 0, 0, 0, 0, 0, 0, 1, 1, 0, 0, 0, 0, 0, 0, 0, 0, 0, 0, 1, 1, 0, 0, 0, 0, 0, 0, 0, 0, 0, 0, 0, 0, 0, 0, 0, 0, 0, 0, 0, 0, 0, 0, 0, 0, 0, 0, 0, 0, 1, 1, 0, 0, 0, 0, 0, 0, 0, 0, 0, 0, 0, 0, 0, 0, 0, 0, 1, 1, 0, 0, 0, 0, 1, 1, 0, 0, 0, 0, 1, 1, 0),
(4, '202002', 0, 0, 0, 0, 0, 0, 0, 0, 0, 0, 0, 0, 0, 0, 0, 0, 0, 0, 0, 0, 0, 0, 0, 0, 0, 0, 0, 0, 0, 0, 0, 0, 0, 0, 0, 0, 0, 0, 0, 0, 0, 0, 0, 0, 0, 0, 0, 0, 0, 0, 0, 0, 0, 0, 1, 1, 1, 0, 0, 0, 1, 1, 1, 0, 0, 0, 1, 1, 1, 0, 0, 0, 1, 1, 1, 0, 0, 0, 1, 1, 1, 0, 0, 0, 1, 1, 1, 0, 0, 0, 1, 1, 1, 0, 0, 0, 1, 1, 1, 0, 0, 0, 1, 1, 1, 0, 0, 0, 0, 0, 0, 0, 0, 0, 1, 1, 1, 0, 0, 0, 1, 1, 1, 0, 0, 0, 1, 1, 1, 0, 0, 0, 1, 1, 1, 0, 0, 0, 0, 0, 0, 0, 0, 0, 0, 0, 0, 0, 0, 0, 0, 0, 0, 0, 0, 0, 0, 0, 0, 0, 0, 0, 0, 0, 0, 0, 0, 0, 0, 0, 0, 0, 0, 0, 0, 0, 0, 0, 0, 0, 0, 0, 0, 0, 0, 0),
(5, '202002', 1, 1, 1, 0, 0, 0, 0, 0, 0, 0, 0, 1, 0, 0, 0, 0, 0, 0, 0, 0, 0, 0, 0, 0, 0, 0, 0, 0, 0, 0, 0, 0, 0, 0, 0, 0, 0, 0, 0, 0, 0, 0, 0, 0, 0, 0, 0, 1, 0, 0, 0, 0, 0, 1, 0, 0, 0, 0, 0, 0, 0, 0, 0, 0, 0, 0, 0, 0, 0, 0, 0, 0, 0, 0, 0, 0, 0, 0, 0, 0, 0, 0, 0, 0, 0, 0, 0, 0, 0, 1, 0, 0, 0, 0, 0, 0, 0, 0, 0, 0, 0, 0, 0, 0, 0, 0, 0, 1, 0, 0, 0, 0, 0, 0, 0, 0, 0, 0, 0, 0, 0, 0, 0, 0, 0, 0, 0, 0, 0, 0, 0, 0, 0, 0, 0, 0, 0, 0, 0, 0, 0, 0, 0, 0, 1, 1, 1, 0, 0, 0, 0, 0, 0, 0, 0, 0, 0, 0, 0, 0, 0, 0, 0, 0, 0, 0, 0, 0, 0, 0, 0, 0, 0, 0, 0, 0, 0, 0, 0, 0, 0, 0, 0, 0, 0, 0),
(7, '202002', 1, 1, 1, 0, 0, 0, 1, 1, 1, 0, 0, 0, 0, 0, 0, 0, 0, 1, 0, 0, 0, 0, 0, 1, 0, 0, 0, 0, 0, 1, 0, 0, 0, 0, 0, 1, 0, 0, 0, 0, 0, 1, 0, 0, 0, 0, 0, 1, 0, 0, 0, 0, 0, 1, 0, 0, 0, 0, 0, 1, 0, 0, 0, 0, 0, 1, 0, 0, 0, 0, 0, 1, 0, 0, 0, 0, 0, 1, 0, 0, 0, 0, 0, 1, 0, 1, 1, 0, 0, 0, 0, 0, 0, 0, 0, 1, 0, 0, 0, 0, 0, 1, 1, 1, 1, 0, 0, 0, 1, 1, 1, 0, 0, 0, 0, 0, 0, 0, 0, 1, 0, 0, 0, 0, 0, 1, 0, 0, 0, 0, 0, 1, 0, 0, 0, 0, 0, 1, 0, 0, 0, 0, 0, 1, 1, 1, 1, 0, 0, 0, 1, 1, 1, 0, 0, 0, 0, 0, 0, 0, 0, 1, 0, 0, 0, 0, 0, 1, 0, 0, 0, 0, 0, 1, 0, 0, 0, 0, 0, 1, 0, 0, 0, 0, 0, 0),
(8, '202002', 0, 0, 0, 0, 0, 0, 0, 0, 0, 0, 0, 0, 0, 0, 0, 0, 0, 0, 0, 0, 0, 0, 0, 0, 0, 0, 0, 0, 0, 0, 0, 0, 0, 0, 0, 0, 0, 0, 0, 0, 0, 0, 0, 0, 0, 0, 0, 0, 0, 0, 0, 0, 0, 0, 0, 0, 0, 0, 0, 0, 0, 0, 0, 0, 0, 0, 0, 0, 0, 0, 0, 0, 0, 0, 0, 0, 0, 0, 0, 0, 0, 0, 0, 0, 0, 0, 0, 0, 0, 0, 0, 1, 1, 0, 0, 0, 0, 1, 1, 0, 0, 0, 0, 0, 0, 0, 0, 0, 0, 0, 0, 0, 0, 0, 0, 1, 1, 0, 0, 0, 0, 1, 1, 0, 0, 0, 0, 0, 0, 0, 0, 0, 0, 1, 1, 0, 0, 0, 0, 0, 0, 0, 0, 0, 0, 0, 0, 0, 0, 0, 0, 0, 0, 0, 0, 0, 0, 1, 1, 0, 0, 0, 0, 1, 1, 0, 0, 0, 0, 1, 1, 0, 0, 0, 0, 0, 0, 0, 0, 0, 0, 0, 0, 0, 0, 0),
(11, '202002', 0, 0, 0, 0, 0, 1, 0, 0, 0, 0, 0, 1, 0, 0, 0, 0, 0, 1, 0, 0, 0, 0, 0, 1, 0, 0, 0, 0, 0, 1, 0, 0, 0, 0, 0, 1, 0, 0, 0, 0, 0, 1, 0, 0, 0, 0, 0, 1, 0, 0, 0, 0, 0, 1, 0, 0, 0, 0, 0, 1, 0, 0, 0, 0, 0, 1, 0, 0, 0, 0, 0, 1, 0, 0, 0, 0, 0, 1, 0, 0, 0, 0, 0, 1, 0, 0, 0, 0, 0, 1, 1, 1, 1, 0, 0, 0, 0, 0, 0, 0, 0, 0, 1, 1, 1, 0, 0, 0, 0, 0, 0, 0, 0, 0, 0, 0, 0, 0, 0, 0, 0, 0, 0, 0, 0, 0, 0, 0, 0, 0, 0, 0, 1, 1, 1, 0, 0, 0, 0, 0, 0, 0, 0, 0, 1, 1, 1, 0, 0, 0, 0, 0, 0, 0, 0, 0, 0, 0, 0, 0, 0, 0, 1, 1, 1, 0, 0, 0, 0, 0, 0, 0, 0, 0, 0, 0, 0, 0, 0, 0, 0, 0, 0, 0, 0, 0),
(12, '202002', 1, 1, 1, 0, 0, 0, 1, 1, 1, 0, 0, 0, 1, 1, 1, 0, 0, 0, 1, 1, 1, 0, 0, 0, 1, 1, 1, 0, 0, 0, 1, 1, 1, 0, 0, 0, 1, 1, 1, 0, 0, 0, 0, 0, 0, 0, 0, 0, 1, 1, 1, 0, 0, 0, 1, 1, 1, 0, 0, 0, 1, 1, 1, 0, 0, 0, 1, 1, 1, 0, 0, 0, 1, 1, 1, 0, 0, 0, 1, 1, 1, 0, 0, 0, 0, 0, 0, 0, 0, 0, 0, 0, 0, 0, 0, 0, 0, 0, 0, 0, 0, 0, 0, 0, 0, 0, 0, 0, 0, 0, 0, 0, 0, 0, 0, 0, 0, 0, 0, 0, 0, 0, 0, 0, 0, 0, 0, 0, 0, 0, 0, 0, 0, 0, 0, 0, 0, 0, 0, 0, 0, 0, 0, 0, 0, 0, 0, 0, 0, 0, 0, 0, 0, 0, 0, 0, 0, 0, 0, 0, 0, 0, 0, 0, 0, 0, 0, 0, 1, 1, 1, 0, 0, 0, 1, 1, 1, 0, 0, 0, 1, 1, 1, 0, 0, 0),
(13, '202002', 0, 0, 0, 0, 0, 0, 0, 0, 0, 0, 0, 0, 0, 0, 0, 0, 0, 0, 0, 0, 0, 0, 0, 0, 0, 0, 0, 0, 0, 0, 0, 0, 0, 0, 0, 0, 0, 0, 0, 0, 0, 0, 0, 0, 0, 1, 1, 0, 0, 1, 1, 0, 0, 0, 0, 1, 1, 0, 0, 0, 0, 1, 1, 0, 0, 0, 0, 1, 1, 0, 0, 0, 0, 1, 1, 0, 0, 0, 0, 1, 1, 0, 0, 0, 0, 1, 1, 1, 1, 0, 0, 1, 1, 0, 0, 0, 0, 0, 0, 0, 0, 0, 0, 0, 0, 0, 0, 1, 0, 0, 0, 0, 0, 1, 0, 1, 1, 0, 0, 0, 0, 0, 0, 0, 0, 1, 0, 1, 1, 0, 0, 0, 0, 0, 0, 0, 0, 1, 0, 1, 1, 0, 0, 0, 0, 1, 1, 1, 1, 0, 0, 1, 1, 1, 1, 0, 0, 1, 1, 0, 0, 0, 0, 0, 0, 0, 0, 0, 0, 1, 1, 0, 0, 0, 0, 0, 0, 0, 0, 0, 0, 0, 0, 0, 0, 0),
(14, '202002', 0, 0, 0, 0, 0, 0, 0, 0, 0, 0, 0, 0, 0, 0, 0, 0, 0, 0, 0, 0, 0, 0, 0, 0, 0, 0, 0, 0, 0, 0, 0, 0, 0, 0, 0, 0, 0, 0, 0, 1, 1, 0, 0, 0, 0, 0, 0, 0, 0, 0, 0, 0, 0, 0, 0, 1, 1, 0, 0, 0, 0, 1, 1, 1, 1, 0, 0, 0, 0, 0, 0, 0, 0, 1, 1, 1, 1, 0, 0, 1, 1, 1, 1, 0, 0, 0, 0, 0, 0, 0, 0, 0, 0, 0, 0, 0, 0, 0, 0, 1, 1, 0, 0, 1, 1, 0, 0, 0, 0, 0, 0, 1, 1, 0, 0, 0, 0, 0, 0, 0, 0, 0, 0, 0, 0, 0, 0, 1, 1, 1, 1, 0, 0, 0, 0, 0, 1, 0, 0, 0, 0, 0, 0, 0, 0, 1, 1, 1, 1, 0, 0, 0, 0, 0, 0, 0, 0, 0, 0, 0, 0, 0, 0, 0, 0, 0, 0, 0, 0, 0, 0, 0, 0, 0, 0, 0, 0, 0, 0, 0, 0, 0, 0, 0, 0, 0),
(15, '202002', 0, 0, 0, 0, 0, 1, 0, 0, 0, 0, 0, 1, 0, 0, 0, 0, 0, 0, 0, 0, 0, 0, 0, 0, 0, 0, 1, 0, 0, 0, 0, 0, 0, 0, 0, 0, 0, 0, 0, 0, 0, 0, 0, 0, 0, 0, 0, 1, 0, 0, 0, 0, 0, 0, 0, 0, 0, 0, 0, 0, 0, 0, 0, 0, 0, 0, 0, 0, 0, 0, 0, 0, 0, 0, 0, 0, 0, 0, 0, 0, 0, 0, 0, 0, 0, 0, 0, 0, 0, 0, 0, 0, 0, 0, 0, 0, 0, 0, 0, 0, 0, 0, 0, 0, 0, 0, 0, 0, 0, 0, 0, 0, 0, 0, 0, 0, 0, 0, 0, 0, 0, 0, 0, 0, 0, 0, 0, 0, 1, 0, 0, 0, 0, 0, 0, 0, 0, 0, 0, 0, 0, 0, 0, 0, 0, 0, 0, 0, 0, 0, 0, 0, 0, 0, 0, 1, 0, 0, 0, 0, 0, 0, 0, 0, 0, 0, 0, 0, 0, 0, 1, 0, 0, 0, 0, 0, 0, 0, 0, 0, 0, 0, 0, 0, 0, 0),
(16, '202002', 0, 0, 0, 0, 0, 0, 0, 0, 0, 0, 0, 0, 0, 0, 0, 0, 1, 0, 0, 0, 0, 0, 0, 0, 0, 0, 0, 0, 0, 0, 0, 0, 0, 0, 0, 0, 0, 0, 0, 0, 0, 0, 0, 0, 0, 0, 0, 0, 0, 0, 0, 0, 0, 0, 0, 0, 0, 0, 0, 0, 0, 0, 0, 0, 0, 0, 0, 0, 0, 0, 0, 0, 0, 0, 0, 0, 0, 0, 0, 0, 0, 0, 0, 0, 0, 0, 0, 0, 0, 0, 0, 0, 0, 0, 0, 0, 0, 0, 0, 0, 0, 0, 0, 0, 0, 0, 0, 0, 0, 0, 0, 0, 0, 0, 0, 0, 0, 0, 1, 0, 0, 0, 0, 0, 1, 0, 0, 0, 0, 0, 1, 0, 0, 0, 0, 0, 1, 0, 0, 0, 0, 0, 1, 0, 0, 0, 0, 0, 0, 0, 0, 0, 0, 0, 0, 0, 0, 0, 0, 0, 1, 0, 0, 0, 0, 0, 0, 0, 0, 0, 0, 0, 1, 0, 0, 0, 0, 0, 1, 0, 0, 0, 0, 0, 1, 0),
(17, '202002', 0, 0, 0, 0, 0, 0, 0, 1, 1, 1, 1, 0, 0, 1, 1, 1, 1, 0, 0, 1, 1, 1, 1, 0, 0, 1, 1, 1, 1, 0, 0, 1, 1, 1, 1, 0, 0, 0, 0, 0, 0, 0, 0, 0, 0, 0, 0, 0, 0, 1, 1, 1, 1, 0, 0, 1, 1, 1, 1, 0, 0, 1, 1, 1, 1, 0, 0, 1, 1, 1, 1, 0, 0, 1, 1, 1, 1, 0, 0, 1, 1, 1, 1, 0, 0, 1, 1, 1, 1, 0, 0, 0, 0, 0, 0, 0, 0, 1, 1, 1, 1, 0, 0, 1, 1, 1, 1, 0, 0, 1, 1, 0, 0, 0, 0, 1, 1, 0, 0, 0, 0, 1, 1, 0, 0, 0, 0, 1, 1, 0, 0, 0, 0, 0, 0, 0, 0, 0, 0, 0, 0, 0, 0, 0, 0, 0, 0, 0, 0, 0, 0, 0, 0, 0, 0, 0, 0, 0, 0, 0, 0, 0, 0, 0, 0, 0, 0, 0, 0, 0, 0, 0, 0, 0, 0, 0, 0, 0, 0, 0, 0, 0, 0, 0, 0, 0),
(18, '202002', 0, 0, 0, 0, 0, 0, 0, 0, 0, 0, 0, 0, 0, 1, 1, 1, 1, 0, 0, 0, 0, 0, 0, 0, 0, 0, 0, 0, 0, 0, 0, 0, 0, 0, 0, 0, 0, 1, 1, 1, 1, 0, 0, 0, 0, 0, 0, 0, 0, 0, 0, 0, 0, 0, 0, 1, 1, 1, 1, 0, 0, 0, 0, 0, 0, 0, 0, 0, 0, 0, 0, 0, 0, 0, 0, 0, 0, 0, 0, 0, 0, 0, 0, 0, 0, 0, 0, 0, 0, 0, 0, 0, 0, 0, 0, 0, 0, 1, 1, 1, 1, 0, 0, 1, 1, 1, 1, 0, 0, 0, 0, 0, 0, 0, 0, 0, 0, 0, 0, 0, 0, 0, 0, 0, 0, 0, 0, 0, 0, 0, 0, 0, 0, 0, 0, 0, 0, 0, 0, 1, 1, 1, 1, 0, 0, 0, 0, 0, 0, 0, 0, 0, 0, 0, 0, 0, 0, 1, 1, 1, 1, 0, 0, 0, 0, 0, 0, 0, 0, 0, 0, 0, 0, 0, 0, 0, 0, 0, 0, 0, 0, 1, 1, 1, 1, 0),
(19, '202002', 0, 0, 0, 0, 0, 0, 0, 0, 0, 0, 0, 0, 0, 0, 0, 0, 0, 0, 0, 0, 0, 0, 0, 0, 0, 1, 0, 1, 0, 0, 0, 1, 0, 1, 0, 0, 0, 0, 0, 0, 0, 0, 0, 0, 0, 0, 0, 0, 0, 0, 0, 0, 0, 0, 0, 0, 0, 0, 0, 0, 0, 0, 0, 0, 0, 0, 0, 0, 0, 0, 0, 0, 0, 0, 0, 0, 0, 0, 0, 0, 0, 0, 0, 0, 0, 0, 0, 1, 1, 0, 0, 0, 0, 0, 0, 0, 0, 0, 0, 0, 0, 0, 0, 1, 0, 1, 0, 0, 0, 0, 0, 0, 0, 0, 0, 0, 0, 0, 0, 0, 0, 0, 0, 0, 0, 0, 0, 0, 0, 0, 0, 0, 0, 1, 0, 1, 0, 0, 0, 1, 0, 1, 0, 0, 0, 0, 0, 0, 0, 0, 0, 0, 0, 0, 0, 0, 0, 0, 0, 0, 0, 0, 0, 1, 0, 1, 0, 0, 0, 1, 0, 1, 0, 0, 0, 1, 0, 1, 0, 0, 0, 1, 0, 1, 0, 0),
(20, '202002', 0, 1, 1, 0, 0, 0, 0, 1, 1, 0, 0, 0, 0, 1, 1, 0, 0, 0, 0, 0, 0, 1, 1, 0, 0, 0, 0, 1, 1, 0, 0, 0, 0, 1, 1, 0, 0, 0, 0, 0, 0, 0, 0, 0, 0, 0, 0, 0, 0, 1, 1, 0, 0, 0, 0, 0, 0, 0, 0, 0, 0, 0, 0, 1, 1, 0, 0, 0, 0, 1, 1, 0, 0, 1, 1, 0, 0, 0, 0, 1, 1, 0, 0, 0, 0, 0, 0, 0, 0, 0, 0, 1, 1, 0, 0, 0, 0, 0, 0, 0, 0, 0, 0, 1, 1, 0, 0, 0, 0, 1, 1, 0, 0, 0, 0, 0, 0, 1, 1, 0, 0, 0, 0, 1, 1, 0, 0, 0, 0, 0, 0, 0, 0, 0, 0, 1, 1, 0, 0, 0, 0, 0, 1, 0, 0, 1, 1, 0, 0, 0, 0, 1, 1, 0, 0, 0, 0, 0, 0, 0, 0, 0, 0, 1, 1, 0, 0, 0, 0, 0, 1, 0, 0, 0, 0, 1, 1, 0, 0, 0, 0, 1, 1, 0, 0, 0),
(21, '202002', 0, 0, 0, 0, 0, 0, 1, 1, 1, 0, 0, 0, 0, 0, 0, 0, 0, 0, 0, 0, 0, 0, 0, 0, 0, 0, 0, 0, 0, 0, 0, 0, 0, 0, 0, 0, 0, 0, 0, 0, 0, 0, 1, 1, 1, 0, 0, 0, 1, 1, 1, 0, 0, 0, 0, 0, 0, 0, 0, 0, 0, 0, 0, 0, 0, 0, 0, 0, 0, 0, 0, 0, 0, 0, 0, 0, 0, 0, 0, 0, 0, 0, 0, 0, 1, 1, 1, 0, 0, 0, 0, 0, 0, 0, 0, 0, 0, 0, 0, 0, 0, 0, 1, 1, 1, 0, 0, 0, 1, 1, 1, 0, 0, 0, 0, 0, 0, 0, 0, 0, 0, 0, 0, 0, 0, 0, 0, 0, 0, 0, 0, 0, 0, 0, 0, 0, 0, 0, 0, 0, 0, 0, 0, 0, 1, 1, 1, 0, 0, 0, 1, 1, 1, 0, 0, 0, 0, 0, 0, 0, 0, 0, 0, 0, 0, 0, 0, 0, 0, 0, 0, 0, 0, 0, 0, 0, 0, 0, 0, 0, 0, 0, 0, 0, 0, 0),
(23, '202002', 0, 0, 0, 0, 0, 0, 0, 0, 0, 0, 0, 0, 0, 0, 0, 0, 0, 0, 0, 0, 0, 0, 0, 0, 0, 0, 0, 0, 1, 0, 0, 0, 0, 0, 0, 0, 0, 0, 0, 0, 1, 0, 0, 0, 0, 0, 1, 0, 0, 0, 0, 0, 0, 0, 0, 0, 0, 0, 1, 0, 0, 0, 0, 0, 0, 0, 0, 0, 0, 0, 0, 0, 0, 0, 0, 0, 0, 0, 0, 0, 0, 0, 1, 0, 0, 0, 0, 0, 1, 0, 0, 0, 0, 0, 0, 0, 0, 0, 0, 0, 1, 0, 0, 0, 0, 0, 1, 0, 0, 0, 0, 0, 0, 0, 0, 0, 0, 0, 0, 0, 0, 0, 0, 0, 0, 0, 0, 0, 0, 0, 0, 0, 0, 0, 0, 0, 0, 0, 0, 0, 0, 0, 0, 0, 0, 0, 0, 0, 0, 0, 0, 0, 0, 0, 0, 0, 0, 0, 0, 0, 0, 0, 0, 0, 0, 0, 0, 0, 0, 0, 0, 0, 0, 0, 0, 0, 0, 0, 0, 0, 0, 0, 0, 0, 0, 0),
(25, '202002', 0, 0, 1, 0, 0, 0, 0, 0, 1, 0, 0, 0, 0, 0, 1, 0, 0, 0, 0, 0, 1, 0, 0, 0, 0, 0, 1, 0, 0, 0, 0, 0, 1, 0, 0, 0, 0, 0, 0, 0, 0, 0, 0, 0, 0, 0, 0, 0, 0, 0, 0, 0, 0, 0, 0, 0, 0, 0, 0, 0, 0, 0, 0, 0, 0, 0, 0, 0, 0, 0, 0, 0, 0, 0, 1, 0, 0, 0, 0, 0, 1, 0, 0, 0, 0, 0, 0, 0, 0, 0, 0, 0, 1, 0, 0, 0, 0, 0, 0, 0, 0, 0, 0, 0, 0, 0, 0, 0, 0, 0, 0, 0, 0, 0, 0, 0, 0, 0, 0, 0, 0, 1, 1, 0, 0, 0, 0, 0, 0, 0, 0, 0, 0, 0, 1, 0, 0, 0, 0, 0, 1, 0, 0, 0, 0, 0, 1, 0, 0, 0, 0, 0, 1, 0, 0, 0, 0, 0, 1, 0, 0, 0, 0, 1, 1, 0, 0, 0, 0, 0, 1, 0, 0, 0, 0, 0, 1, 0, 0, 0, 0, 0, 1, 0, 0, 0),
(27, '202002', 0, 0, 0, 0, 0, 0, 0, 0, 0, 0, 0, 0, 0, 0, 0, 0, 0, 0, 0, 0, 0, 0, 0, 0, 1, 0, 1, 0, 0, 0, 1, 0, 1, 0, 0, 0, 0, 0, 0, 0, 0, 0, 0, 0, 0, 0, 0, 0, 0, 0, 0, 0, 0, 1, 0, 0, 0, 0, 0, 1, 0, 0, 0, 0, 0, 1, 0, 0, 0, 0, 0, 1, 0, 0, 0, 0, 0, 1, 0, 0, 0, 0, 0, 1, 0, 0, 0, 0, 0, 1, 0, 0, 0, 0, 0, 0, 0, 0, 0, 0, 0, 0, 0, 0, 0, 0, 0, 0, 0, 0, 0, 0, 0, 0, 0, 0, 0, 0, 0, 0, 0, 0, 0, 0, 0, 0, 0, 0, 0, 0, 0, 0, 0, 0, 0, 0, 0, 0, 0, 0, 0, 0, 0, 0, 0, 0, 0, 0, 0, 0, 0, 0, 0, 0, 0, 0, 0, 0, 0, 0, 0, 0, 0, 0, 0, 0, 0, 0, 0, 0, 0, 0, 0, 0, 0, 0, 0, 0, 0, 0, 0, 0, 0, 0, 0, 0),
(29, '202002', 0, 0, 0, 0, 0, 0, 0, 0, 0, 0, 0, 0, 0, 0, 0, 0, 0, 0, 0, 0, 0, 0, 0, 0, 0, 0, 0, 0, 0, 0, 0, 0, 0, 0, 0, 0, 0, 0, 0, 0, 0, 0, 0, 0, 0, 0, 0, 0, 0, 0, 0, 0, 0, 0, 0, 0, 0, 0, 0, 0, 0, 0, 0, 0, 0, 0, 0, 0, 0, 0, 0, 0, 0, 0, 0, 0, 0, 0, 0, 0, 0, 0, 0, 0, 0, 0, 0, 0, 0, 0, 0, 0, 0, 0, 0, 0, 0, 0, 1, 0, 0, 0, 0, 0, 0, 0, 0, 0, 0, 0, 0, 0, 0, 0, 0, 0, 1, 0, 0, 0, 0, 0, 0, 0, 1, 0, 0, 0, 0, 0, 1, 0, 0, 1, 1, 1, 1, 0, 0, 0, 1, 0, 0, 0, 0, 0, 0, 0, 0, 0, 0, 1, 1, 1, 1, 0, 0, 0, 0, 0, 0, 0, 0, 0, 0, 0, 0, 0, 0, 0, 0, 0, 0, 0, 0, 0, 0, 0, 0, 0, 0, 0, 0, 0, 0, 0),
(30, '202002', 0, 0, 0, 1, 1, 0, 0, 0, 0, 0, 0, 0, 0, 0, 0, 0, 0, 0, 0, 0, 0, 0, 0, 0, 0, 0, 0, 1, 1, 0, 0, 0, 0, 0, 0, 0, 0, 0, 0, 0, 0, 0, 0, 0, 0, 1, 1, 0, 0, 0, 0, 0, 0, 0, 0, 0, 0, 0, 0, 0, 0, 0, 0, 0, 0, 0, 0, 0, 0, 0, 0, 0, 0, 0, 0, 0, 0, 0, 0, 0, 0, 0, 0, 0, 0, 0, 0, 0, 0, 0, 0, 0, 0, 0, 0, 0, 0, 0, 0, 0, 0, 0, 0, 0, 0, 0, 0, 0, 0, 0, 0, 1, 1, 0, 0, 0, 0, 0, 0, 0, 0, 0, 0, 0, 0, 0, 0, 0, 0, 1, 1, 0, 0, 0, 0, 0, 0, 0, 0, 0, 0, 0, 0, 0, 0, 1, 1, 1, 1, 0, 0, 0, 0, 0, 0, 0, 0, 0, 0, 0, 0, 0, 0, 0, 0, 0, 0, 0, 0, 0, 0, 1, 1, 0, 0, 0, 0, 0, 0, 0, 0, 0, 0, 0, 0, 0),
(32, '202002', 0, 0, 0, 0, 0, 0, 0, 0, 0, 0, 0, 0, 0, 0, 0, 0, 0, 0, 0, 0, 0, 0, 0, 0, 0, 0, 0, 0, 0, 0, 0, 0, 0, 0, 0, 0, 0, 0, 0, 0, 0, 0, 0, 0, 0, 0, 0, 0, 0, 0, 0, 0, 0, 0, 0, 0, 0, 0, 0, 0, 0, 0, 0, 0, 0, 0, 0, 0, 0, 0, 0, 0, 0, 0, 0, 0, 0, 0, 0, 0, 0, 0, 0, 0, 0, 0, 0, 0, 0, 0, 0, 0, 0, 0, 0, 0, 0, 0, 0, 0, 0, 0, 0, 1, 1, 1, 1, 0, 0, 1, 1, 1, 1, 0, 0, 0, 0, 0, 0, 0, 0, 0, 0, 0, 0, 0, 0, 0, 0, 0, 0, 0, 0, 0, 0, 0, 0, 0, 0, 0, 0, 0, 0, 0, 0, 1, 1, 1, 1, 0, 0, 1, 1, 1, 1, 0, 0, 0, 0, 0, 0, 0, 0, 0, 0, 0, 0, 0, 0, 0, 0, 0, 0, 0, 0, 0, 0, 0, 0, 0, 0, 0, 0, 0, 0, 0),
(33, '202002', 0, 0, 0, 0, 0, 0, 0, 0, 0, 0, 0, 0, 0, 0, 0, 0, 0, 0, 0, 0, 0, 0, 0, 0, 0, 0, 0, 0, 0, 0, 0, 0, 0, 0, 0, 0, 0, 0, 0, 0, 0, 0, 0, 0, 0, 0, 0, 0, 0, 0, 0, 0, 0, 0, 0, 0, 0, 0, 0, 0, 0, 0, 0, 0, 0, 0, 0, 0, 0, 0, 0, 0, 0, 0, 0, 0, 0, 0, 0, 0, 0, 0, 0, 0, 0, 0, 0, 0, 0, 1, 0, 0, 0, 0, 0, 0, 0, 0, 0, 0, 0, 0, 0, 0, 0, 0, 0, 0, 0, 0, 0, 0, 0, 0, 0, 0, 0, 0, 0, 0, 0, 0, 0, 0, 0, 0, 0, 0, 0, 0, 0, 0, 0, 0, 0, 0, 0, 0, 0, 0, 0, 0, 0, 0, 0, 0, 0, 0, 0, 0, 0, 0, 0, 0, 0, 0, 0, 0, 0, 0, 0, 0, 0, 0, 0, 0, 0, 0, 0, 0, 0, 0, 0, 0, 0, 0, 0, 0, 0, 0, 0, 0, 0, 0, 0, 0),
(34, '202002', 0, 0, 0, 0, 0, 0, 0, 0, 0, 0, 0, 0, 0, 0, 0, 0, 0, 0, 0, 0, 0, 0, 0, 0, 0, 0, 0, 0, 0, 0, 0, 0, 0, 0, 0, 0, 0, 0, 0, 0, 0, 0, 0, 0, 0, 0, 0, 0, 0, 0, 0, 0, 0, 0, 0, 0, 0, 0, 0, 0, 0, 0, 0, 0, 0, 0, 0, 0, 0, 0, 0, 0, 0, 0, 0, 0, 0, 0, 0, 0, 0, 0, 0, 0, 0, 0, 0, 0, 0, 0, 0, 0, 0, 0, 0, 0, 0, 1, 1, 0, 0, 0, 0, 1, 1, 0, 0, 0, 0, 0, 0, 0, 0, 0, 0, 0, 0, 0, 0, 0, 0, 0, 0, 0, 0, 0, 0, 1, 1, 0, 0, 0, 0, 0, 0, 0, 0, 0, 0, 0, 0, 0, 0, 0, 0, 0, 0, 0, 0, 0, 0, 0, 0, 0, 0, 0, 0, 0, 0, 0, 0, 0, 0, 0, 0, 0, 0, 0, 0, 0, 0, 1, 1, 0, 0, 0, 0, 0, 0, 0, 0, 0, 0, 0, 0, 0),
(35, '202002', 0, 0, 0, 0, 0, 0, 0, 0, 0, 0, 0, 0, 0, 0, 0, 0, 0, 0, 0, 0, 0, 0, 0, 0, 0, 0, 0, 0, 0, 0, 0, 0, 0, 0, 0, 0, 0, 0, 0, 0, 0, 0, 0, 0, 0, 0, 0, 0, 0, 0, 0, 0, 0, 0, 0, 0, 0, 0, 0, 0, 0, 0, 0, 0, 0, 0, 0, 0, 0, 0, 0, 0, 0, 0, 0, 0, 0, 0, 0, 0, 0, 0, 0, 0, 0, 0, 0, 0, 0, 0, 0, 0, 0, 0, 0, 0, 0, 0, 0, 0, 0, 0, 0, 1, 1, 0, 0, 0, 0, 1, 1, 0, 0, 0, 0, 0, 0, 0, 0, 0, 0, 0, 0, 0, 0, 0, 0, 0, 0, 0, 0, 0, 0, 0, 0, 0, 0, 0, 0, 0, 0, 0, 0, 0, 0, 1, 1, 0, 0, 0, 0, 1, 1, 0, 0, 0, 0, 0, 0, 0, 0, 0, 0, 0, 0, 0, 0, 0, 0, 1, 1, 0, 0, 0, 0, 0, 0, 0, 0, 0, 0, 0, 0, 0, 0, 0),
(36, '202002', 0, 0, 0, 1, 1, 0, 0, 0, 0, 0, 0, 0, 0, 0, 0, 1, 1, 0, 0, 0, 0, 0, 0, 0, 0, 0, 0, 1, 1, 0, 0, 0, 0, 0, 0, 0, 0, 0, 0, 0, 0, 0, 0, 0, 0, 1, 1, 0, 0, 0, 0, 0, 0, 0, 0, 0, 0, 1, 1, 0, 0, 0, 0, 0, 0, 0, 0, 0, 0, 1, 1, 0, 0, 0, 0, 0, 0, 0, 0, 0, 0, 0, 0, 0, 0, 0, 0, 1, 1, 0, 0, 0, 0, 0, 0, 0, 0, 0, 0, 0, 0, 0, 0, 0, 0, 0, 0, 0, 0, 0, 0, 0, 0, 0, 0, 0, 0, 0, 0, 0, 0, 0, 0, 0, 0, 0, 0, 0, 0, 1, 1, 0, 0, 0, 0, 1, 1, 0, 0, 0, 0, 0, 0, 0, 0, 0, 0, 1, 1, 0, 0, 0, 0, 0, 0, 0, 0, 0, 0, 1, 1, 0, 0, 0, 0, 0, 0, 0, 0, 0, 0, 1, 1, 0, 0, 0, 0, 0, 0, 0, 0, 0, 0, 1, 1, 0),
(37, '202002', 0, 1, 1, 0, 0, 0, 0, 0, 0, 0, 0, 0, 0, 0, 0, 0, 0, 0, 0, 0, 0, 0, 0, 0, 0, 0, 0, 0, 0, 0, 0, 0, 0, 0, 0, 0, 0, 1, 1, 0, 0, 0, 0, 1, 1, 0, 0, 0, 0, 0, 0, 0, 0, 0, 0, 0, 0, 0, 0, 0, 0, 0, 0, 0, 0, 0, 0, 0, 0, 0, 0, 0, 0, 0, 0, 0, 0, 0, 0, 1, 1, 0, 0, 0, 0, 1, 1, 0, 0, 0, 0, 0, 0, 0, 0, 0, 0, 1, 1, 0, 0, 0, 0, 1, 1, 0, 0, 0, 0, 0, 0, 0, 0, 0, 0, 0, 0, 0, 0, 0, 0, 0, 0, 0, 0, 0, 0, 0, 0, 0, 0, 0, 0, 0, 0, 0, 0, 0, 0, 1, 1, 0, 0, 0, 0, 1, 1, 0, 0, 0, 0, 0, 0, 0, 0, 0, 0, 0, 0, 0, 0, 0, 0, 0, 0, 0, 0, 0, 0, 0, 0, 0, 0, 0, 0, 0, 0, 0, 0, 0, 0, 1, 1, 0, 0, 0),
(38, '202002', 0, 0, 0, 0, 0, 0, 0, 0, 0, 0, 0, 0, 0, 0, 0, 0, 0, 0, 0, 0, 0, 0, 0, 0, 0, 0, 0, 0, 0, 0, 0, 0, 0, 0, 0, 0, 0, 1, 1, 0, 0, 0, 0, 1, 1, 0, 0, 0, 0, 1, 1, 0, 0, 0, 0, 1, 1, 0, 0, 0, 0, 1, 1, 0, 0, 0, 0, 1, 1, 0, 0, 0, 0, 1, 1, 0, 0, 0, 0, 1, 1, 0, 0, 0, 0, 1, 1, 0, 0, 0, 0, 0, 0, 0, 0, 0, 0, 0, 0, 0, 0, 0, 0, 0, 1, 0, 0, 0, 0, 0, 1, 0, 0, 0, 0, 0, 0, 0, 0, 0, 0, 0, 1, 0, 0, 0, 0, 0, 1, 0, 0, 0, 0, 0, 0, 0, 0, 0, 0, 0, 0, 0, 0, 0, 0, 0, 0, 0, 0, 0, 0, 0, 0, 0, 0, 0, 0, 0, 0, 0, 0, 0, 0, 0, 0, 0, 0, 0, 0, 0, 0, 0, 0, 0, 0, 0, 0, 0, 0, 0, 0, 0, 0, 0, 0, 0),
(42, '202002', 0, 0, 0, 0, 0, 1, 0, 0, 0, 0, 0, 1, 0, 1, 1, 0, 0, 0, 0, 0, 0, 0, 0, 1, 0, 0, 0, 0, 0, 0, 0, 1, 1, 0, 0, 0, 0, 0, 0, 0, 0, 1, 0, 0, 0, 0, 0, 1, 0, 0, 0, 0, 0, 1, 0, 1, 1, 0, 0, 0, 0, 0, 0, 0, 0, 1, 0, 0, 0, 0, 0, 0, 0, 1, 1, 0, 0, 0, 0, 0, 0, 0, 0, 1, 0, 0, 0, 0, 0, 1, 0, 0, 0, 0, 0, 0, 0, 0, 0, 0, 1, 0, 0, 0, 0, 0, 0, 1, 0, 0, 0, 0, 0, 1, 0, 0, 0, 0, 0, 0, 0, 0, 0, 0, 0, 1, 0, 0, 0, 0, 0, 1, 0, 0, 0, 0, 0, 0, 0, 0, 0, 0, 1, 0, 0, 0, 0, 0, 0, 1, 0, 0, 0, 0, 0, 1, 0, 0, 0, 0, 0, 0, 0, 0, 0, 0, 0, 1, 0, 0, 0, 0, 0, 1, 0, 1, 1, 0, 0, 0, 0, 0, 0, 0, 0, 1),
(43, '202002', 0, 0, 0, 1, 1, 0, 0, 0, 0, 0, 0, 0, 0, 0, 0, 0, 0, 0, 0, 1, 1, 0, 0, 0, 0, 0, 0, 0, 0, 0, 0, 1, 1, 0, 0, 0, 0, 0, 0, 0, 0, 0, 0, 0, 0, 1, 1, 0, 0, 0, 0, 0, 0, 0, 0, 0, 0, 0, 0, 0, 0, 1, 1, 0, 0, 0, 0, 0, 0, 0, 0, 0, 0, 1, 1, 0, 0, 0, 0, 0, 0, 0, 0, 0, 0, 0, 0, 1, 1, 0, 0, 1, 1, 0, 0, 0, 0, 0, 0, 0, 0, 0, 0, 0, 0, 1, 1, 0, 0, 0, 0, 0, 0, 0, 0, 0, 0, 0, 0, 0, 0, 1, 1, 0, 0, 0, 0, 0, 0, 0, 0, 0, 0, 1, 1, 0, 0, 0, 0, 0, 0, 0, 0, 0, 0, 0, 0, 1, 1, 0, 0, 0, 0, 0, 0, 0, 0, 0, 0, 0, 0, 0, 0, 1, 1, 0, 0, 0, 0, 0, 0, 0, 0, 0, 0, 1, 1, 0, 0, 0, 0, 0, 0, 0, 0, 0),
(45, '202002', 0, 1, 1, 0, 0, 0, 0, 1, 1, 0, 0, 0, 0, 0, 0, 0, 0, 0, 0, 0, 0, 0, 0, 0, 0, 0, 0, 0, 0, 0, 0, 0, 0, 0, 0, 0, 0, 0, 0, 0, 0, 0, 0, 1, 1, 0, 0, 0, 0, 1, 1, 0, 0, 0, 0, 1, 1, 0, 0, 0, 0, 0, 0, 0, 0, 0, 0, 0, 0, 0, 0, 0, 0, 0, 0, 0, 0, 0, 0, 0, 0, 0, 0, 0, 0, 0, 0, 0, 0, 0, 0, 1, 1, 0, 0, 0, 0, 1, 1, 0, 0, 0, 0, 1, 1, 0, 0, 0, 0, 1, 1, 0, 0, 0, 0, 0, 0, 0, 0, 0, 0, 0, 0, 0, 0, 0, 0, 1, 1, 0, 0, 0, 0, 1, 1, 0, 0, 0, 0, 0, 0, 0, 0, 0, 0, 1, 1, 0, 0, 0, 0, 1, 1, 0, 0, 0, 0, 0, 0, 0, 0, 0, 0, 0, 0, 1, 1, 0, 0, 0, 0, 0, 0, 0, 0, 0, 1, 1, 0, 0, 0, 0, 0, 0, 0, 0),
(46, '202002', 0, 0, 0, 0, 0, 1, 0, 0, 0, 0, 0, 0, 0, 0, 0, 0, 0, 1, 0, 0, 0, 0, 0, 1, 0, 0, 0, 0, 0, 1, 0, 0, 0, 0, 0, 1, 0, 0, 0, 0, 0, 1, 0, 0, 0, 0, 0, 1, 0, 0, 0, 0, 0, 1, 0, 0, 0, 0, 0, 1, 0, 0, 0, 0, 0, 0, 0, 0, 0, 0, 0, 0, 0, 0, 0, 0, 0, 0, 0, 0, 0, 0, 0, 0, 0, 0, 0, 0, 0, 0, 0, 0, 0, 0, 0, 0, 0, 0, 0, 0, 0, 0, 0, 0, 0, 0, 0, 0, 0, 0, 0, 0, 0, 0, 0, 0, 0, 0, 0, 1, 0, 0, 0, 0, 0, 1, 0, 0, 0, 0, 0, 1, 0, 0, 0, 0, 0, 1, 0, 0, 0, 0, 0, 1, 0, 1, 1, 0, 0, 0, 0, 0, 0, 0, 0, 1, 0, 0, 0, 0, 0, 0, 0, 0, 0, 0, 0, 1, 0, 0, 0, 0, 0, 1, 0, 0, 0, 0, 0, 1, 0, 0, 0, 0, 0, 1),
(47, '202002', 0, 0, 0, 0, 0, 1, 0, 0, 0, 0, 0, 1, 0, 0, 0, 0, 0, 1, 0, 0, 0, 0, 0, 0, 0, 0, 0, 0, 0, 0, 0, 0, 0, 0, 0, 0, 0, 0, 0, 0, 0, 0, 0, 0, 0, 0, 0, 0, 0, 0, 0, 0, 0, 0, 0, 0, 0, 0, 0, 0, 0, 0, 0, 0, 0, 0, 0, 0, 0, 0, 0, 0, 0, 0, 0, 0, 0, 0, 0, 0, 0, 0, 0, 0, 0, 0, 0, 0, 0, 0, 0, 0, 0, 0, 0, 0, 0, 0, 0, 0, 0, 0, 0, 0, 0, 0, 0, 0, 0, 0, 0, 0, 0, 1, 0, 0, 0, 0, 0, 1, 0, 0, 0, 0, 0, 0, 0, 0, 0, 0, 0, 0, 0, 0, 0, 0, 0, 0, 0, 0, 0, 0, 0, 0, 0, 0, 0, 0, 0, 1, 0, 0, 0, 0, 0, 1, 0, 0, 0, 0, 0, 1, 0, 0, 0, 0, 1, 0, 0, 0, 0, 0, 0, 0, 0, 0, 0, 0, 0, 0, 0, 0, 0, 0, 0, 0),
(48, '202002', 0, 0, 0, 0, 0, 0, 0, 0, 0, 0, 0, 1, 0, 1, 1, 0, 0, 0, 0, 0, 0, 0, 0, 0, 0, 0, 0, 0, 0, 0, 0, 0, 0, 0, 0, 0, 0, 0, 0, 0, 0, 0, 0, 0, 0, 0, 0, 0, 0, 0, 0, 0, 0, 0, 0, 0, 0, 0, 0, 0, 0, 0, 0, 0, 0, 0, 0, 0, 0, 0, 0, 0, 0, 0, 0, 0, 0, 0, 0, 0, 0, 0, 0, 0, 0, 0, 0, 0, 0, 0, 0, 1, 1, 0, 0, 0, 0, 0, 0, 0, 1, 0, 0, 0, 0, 1, 1, 0, 0, 0, 0, 0, 0, 1, 0, 0, 0, 0, 0, 0, 0, 1, 1, 0, 0, 0, 0, 0, 0, 0, 0, 0, 0, 1, 1, 0, 0, 0, 0, 0, 0, 0, 1, 0, 0, 0, 0, 0, 0, 0, 0, 0, 0, 0, 0, 1, 0, 0, 0, 0, 0, 0, 0, 1, 1, 0, 0, 0, 0, 0, 0, 0, 0, 0, 0, 1, 1, 0, 0, 0, 0, 0, 0, 0, 1, 0),
(50, '202002', 0, 0, 0, 0, 0, 0, 0, 0, 0, 0, 0, 0, 0, 0, 0, 0, 0, 0, 0, 0, 0, 0, 0, 0, 0, 0, 0, 0, 0, 0, 0, 0, 0, 0, 0, 0, 0, 0, 0, 1, 0, 0, 0, 0, 0, 0, 1, 0, 0, 0, 0, 0, 0, 0, 0, 0, 0, 0, 0, 0, 0, 0, 0, 0, 0, 0, 0, 0, 0, 0, 0, 0, 0, 0, 0, 0, 0, 0, 0, 0, 0, 0, 0, 0, 0, 0, 0, 0, 1, 0, 0, 0, 0, 0, 0, 0, 0, 0, 0, 1, 0, 0, 0, 0, 0, 0, 0, 0, 0, 0, 0, 0, 0, 0, 0, 0, 0, 0, 0, 0, 0, 0, 0, 0, 0, 0, 0, 0, 0, 0, 0, 0, 0, 0, 0, 0, 0, 0, 0, 0, 0, 0, 0, 0, 0, 0, 0, 0, 0, 0, 0, 0, 0, 0, 0, 0, 0, 0, 0, 0, 0, 0, 0, 0, 0, 0, 0, 0, 0, 0, 0, 0, 0, 0, 0, 0, 0, 0, 0, 0, 0, 0, 0, 1, 0, 0),
(51, '202002', 0, 1, 0, 0, 0, 0, 0, 1, 0, 0, 0, 0, 0, 1, 0, 0, 0, 0, 0, 1, 0, 0, 0, 0, 0, 0, 0, 0, 0, 0, 0, 0, 0, 0, 0, 0, 0, 0, 0, 0, 0, 0, 0, 0, 0, 0, 0, 0, 0, 0, 0, 0, 0, 0, 0, 0, 0, 0, 0, 0, 0, 0, 0, 0, 0, 0, 0, 0, 0, 0, 0, 0, 0, 0, 0, 0, 0, 0, 0, 0, 0, 0, 0, 0, 0, 0, 0, 0, 0, 0, 0, 0, 0, 0, 0, 0, 0, 1, 0, 0, 0, 0, 0, 0, 0, 0, 0, 0, 0, 0, 0, 0, 0, 0, 0, 0, 0, 0, 0, 0, 0, 0, 0, 0, 0, 0, 0, 1, 0, 0, 0, 0, 0, 0, 0, 0, 0, 0, 0, 0, 0, 0, 0, 0, 0, 0, 0, 0, 0, 0, 0, 0, 0, 0, 0, 0, 0, 0, 0, 0, 0, 0, 0, 0, 0, 0, 0, 0, 0, 0, 0, 0, 0, 0, 0, 0, 0, 0, 0, 0, 0, 0, 0, 0, 0, 0),
(52, '202002', 0, 0, 0, 0, 0, 0, 0, 0, 0, 0, 0, 0, 0, 0, 0, 0, 0, 0, 0, 0, 0, 0, 0, 0, 0, 0, 0, 0, 0, 0, 0, 0, 0, 0, 0, 0, 0, 0, 0, 0, 0, 0, 0, 0, 0, 0, 0, 0, 0, 0, 0, 0, 0, 0, 0, 0, 0, 0, 0, 0, 0, 0, 0, 0, 0, 0, 0, 0, 0, 0, 0, 0, 0, 0, 0, 0, 0, 0, 0, 0, 0, 0, 0, 0, 0, 0, 0, 0, 0, 0, 0, 0, 0, 0, 0, 0, 0, 0, 0, 0, 0, 1, 0, 0, 0, 0, 0, 0, 0, 0, 0, 0, 0, 0, 0, 0, 0, 0, 0, 0, 0, 0, 0, 0, 0, 0, 0, 0, 0, 0, 1, 0, 0, 0, 0, 0, 0, 0, 0, 0, 0, 0, 0, 0, 0, 0, 0, 0, 0, 0, 0, 0, 0, 0, 0, 0, 0, 0, 0, 0, 0, 0, 0, 0, 0, 0, 0, 0, 0, 0, 0, 0, 0, 0, 0, 0, 0, 0, 0, 0, 0, 0, 0, 0, 0, 0),
(53, '202002', 0, 0, 0, 0, 0, 0, 0, 0, 0, 0, 0, 0, 0, 0, 0, 0, 0, 0, 0, 0, 0, 0, 0, 0, 0, 0, 0, 0, 0, 0, 0, 0, 0, 0, 1, 0, 0, 0, 0, 0, 1, 0, 0, 0, 0, 0, 0, 0, 0, 0, 0, 0, 0, 0, 0, 0, 0, 0, 0, 0, 0, 0, 0, 0, 0, 0, 0, 0, 0, 0, 1, 0, 0, 0, 0, 0, 0, 0, 0, 0, 0, 0, 0, 0, 0, 0, 0, 0, 0, 0, 0, 0, 0, 1, 0, 0, 0, 0, 0, 0, 1, 0, 0, 0, 0, 0, 1, 0, 0, 0, 0, 0, 0, 0, 0, 0, 0, 0, 0, 0, 0, 0, 0, 0, 0, 0, 0, 0, 0, 0, 1, 0, 0, 0, 0, 0, 0, 0, 0, 0, 0, 0, 0, 0, 0, 0, 0, 0, 0, 0, 0, 0, 0, 0, 0, 0, 0, 0, 0, 0, 0, 0, 0, 0, 0, 1, 0, 0, 0, 0, 0, 0, 0, 0, 0, 0, 0, 0, 1, 0, 0, 0, 0, 0, 0, 0),
(54, '202002', 0, 0, 0, 0, 0, 0, 0, 0, 0, 0, 0, 0, 0, 0, 0, 0, 0, 0, 0, 0, 0, 0, 0, 0, 0, 0, 1, 0, 0, 0, 0, 0, 0, 0, 0, 0, 0, 0, 1, 0, 0, 0, 0, 0, 0, 0, 0, 0, 0, 0, 0, 0, 0, 0, 0, 0, 0, 0, 0, 0, 0, 0, 0, 0, 0, 0, 0, 0, 1, 0, 0, 0, 0, 0, 0, 0, 0, 0, 0, 0, 1, 0, 0, 0, 0, 0, 0, 0, 0, 0, 0, 0, 0, 0, 0, 0, 0, 0, 1, 0, 0, 0, 0, 0, 0, 0, 0, 0, 0, 0, 0, 0, 0, 0, 0, 0, 0, 0, 0, 0, 0, 0, 0, 0, 0, 0, 0, 0, 1, 0, 0, 0, 0, 0, 0, 0, 0, 0, 0, 0, 1, 0, 0, 0, 0, 0, 0, 0, 0, 0, 0, 0, 0, 0, 0, 0, 0, 0, 0, 0, 0, 0, 0, 0, 0, 0, 0, 0, 0, 0, 1, 0, 0, 0, 0, 0, 0, 0, 0, 0, 0, 0, 1, 0, 0, 0),
(55, '202002', 0, 0, 0, 0, 0, 0, 0, 0, 0, 0, 0, 0, 0, 0, 0, 0, 0, 0, 1, 1, 0, 0, 0, 0, 0, 0, 0, 0, 0, 0, 0, 0, 0, 0, 0, 0, 0, 0, 0, 0, 0, 0, 0, 0, 0, 0, 0, 0, 0, 0, 0, 0, 0, 0, 0, 0, 0, 0, 0, 0, 0, 0, 0, 0, 0, 0, 0, 0, 0, 0, 0, 0, 0, 0, 0, 0, 0, 0, 0, 0, 0, 0, 0, 0, 0, 0, 0, 0, 0, 0, 0, 0, 0, 0, 0, 0, 0, 0, 0, 0, 0, 0, 1, 0, 1, 0, 0, 0, 0, 0, 0, 0, 0, 0, 0, 0, 0, 0, 0, 0, 0, 0, 0, 0, 0, 0, 1, 1, 0, 0, 0, 0, 1, 0, 1, 0, 0, 0, 0, 0, 0, 0, 0, 0, 1, 1, 0, 1, 1, 0, 1, 1, 0, 1, 1, 0, 0, 0, 0, 0, 0, 0, 0, 0, 0, 0, 0, 0, 1, 1, 0, 0, 0, 0, 0, 0, 0, 0, 0, 0, 0, 0, 0, 0, 0, 0),
(56, '202002', 0, 0, 0, 0, 0, 0, 0, 0, 0, 0, 0, 0, 0, 0, 0, 0, 0, 0, 0, 0, 0, 0, 0, 0, 0, 0, 0, 0, 0, 0, 0, 0, 0, 0, 0, 0, 0, 0, 0, 0, 0, 0, 0, 0, 0, 0, 0, 0, 0, 0, 0, 1, 0, 0, 0, 1, 0, 0, 1, 0, 0, 0, 0, 0, 1, 0, 0, 1, 0, 1, 0, 0, 0, 1, 0, 1, 0, 0, 0, 0, 0, 0, 0, 0, 0, 0, 0, 0, 0, 0, 0, 0, 0, 0, 0, 0, 0, 0, 0, 0, 0, 1, 0, 0, 0, 0, 0, 0, 0, 0, 0, 0, 1, 0, 0, 0, 0, 0, 0, 1, 0, 0, 0, 0, 0, 0, 0, 0, 0, 1, 0, 0, 0, 0, 0, 0, 0, 0, 0, 1, 0, 0, 1, 0, 0, 0, 0, 0, 0, 0, 0, 0, 0, 1, 0, 0, 0, 1, 0, 0, 1, 0, 0, 1, 0, 0, 1, 0, 0, 0, 0, 0, 1, 0, 0, 0, 0, 0, 1, 0, 0, 0, 0, 0, 0, 0),
(57, '202002', 0, 0, 0, 0, 0, 0, 0, 0, 0, 0, 0, 1, 0, 0, 0, 0, 0, 0, 0, 0, 0, 0, 0, 0, 0, 0, 0, 0, 0, 0, 0, 0, 0, 0, 0, 0, 0, 0, 0, 0, 0, 1, 0, 0, 0, 0, 0, 1, 0, 0, 0, 0, 0, 0, 0, 0, 0, 0, 0, 0, 0, 0, 0, 0, 0, 0, 0, 0, 0, 0, 0, 0, 0, 0, 0, 0, 0, 0, 0, 0, 0, 1, 1, 0, 0, 0, 0, 0, 0, 1, 0, 0, 0, 0, 0, 0, 0, 0, 0, 0, 0, 0, 0, 0, 0, 0, 0, 0, 0, 0, 0, 1, 1, 0, 0, 0, 0, 0, 0, 0, 0, 0, 0, 0, 0, 0, 0, 0, 0, 0, 0, 1, 0, 0, 0, 0, 0, 1, 0, 0, 0, 0, 0, 1, 0, 0, 0, 0, 0, 1, 0, 0, 0, 0, 0, 1, 0, 0, 0, 0, 0, 0, 0, 0, 0, 0, 0, 0, 0, 0, 0, 0, 0, 0, 0, 0, 0, 0, 0, 0, 0, 0, 0, 0, 0, 0),
(58, '202002', 0, 0, 0, 0, 0, 0, 0, 0, 0, 0, 0, 0, 0, 0, 0, 0, 0, 0, 0, 0, 0, 0, 0, 0, 0, 0, 0, 0, 0, 0, 0, 0, 0, 0, 0, 0, 0, 0, 0, 0, 0, 0, 0, 0, 0, 0, 0, 0, 0, 0, 0, 0, 0, 0, 0, 0, 0, 1, 1, 0, 0, 0, 0, 0, 0, 1, 0, 0, 0, 0, 0, 1, 0, 0, 0, 0, 0, 1, 0, 0, 0, 0, 0, 1, 0, 0, 0, 0, 0, 1, 0, 0, 0, 0, 0, 0, 0, 0, 0, 0, 0, 0, 0, 0, 0, 0, 0, 0, 0, 0, 0, 0, 0, 0, 0, 0, 0, 0, 0, 0, 0, 0, 0, 0, 0, 0, 0, 0, 0, 0, 0, 0, 0, 0, 0, 0, 0, 0, 0, 0, 0, 0, 0, 0, 0, 0, 0, 0, 0, 0, 0, 0, 0, 0, 0, 0, 0, 0, 0, 0, 0, 0, 0, 0, 0, 0, 0, 0, 0, 0, 0, 0, 0, 0, 0, 0, 0, 0, 0, 0, 0, 0, 0, 0, 0, 0),
(59, '202002', 0, 0, 0, 0, 0, 0, 0, 0, 0, 0, 0, 0, 0, 0, 0, 1, 1, 0, 0, 0, 0, 0, 0, 0, 0, 1, 1, 0, 0, 0, 0, 0, 0, 0, 0, 0, 0, 1, 1, 0, 0, 0, 0, 0, 0, 0, 0, 0, 0, 0, 0, 0, 0, 0, 0, 0, 0, 1, 1, 0, 0, 0, 0, 0, 0, 0, 0, 0, 0, 0, 0, 1, 0, 0, 0, 0, 0, 1, 0, 0, 0, 0, 0, 0, 0, 0, 0, 0, 0, 0, 0, 0, 0, 0, 0, 0, 0, 0, 0, 0, 0, 0, 0, 0, 0, 0, 0, 1, 0, 0, 0, 0, 0, 0, 0, 0, 0, 1, 1, 0, 0, 0, 0, 0, 0, 0, 0, 1, 1, 0, 0, 0, 0, 0, 0, 0, 0, 0, 0, 1, 1, 0, 0, 0, 0, 0, 0, 0, 0, 0, 0, 0, 0, 0, 0, 1, 0, 0, 0, 0, 0, 0, 0, 0, 0, 0, 0, 0, 0, 1, 1, 0, 0, 0, 0, 0, 0, 0, 0, 0, 0, 1, 1, 0, 0, 0),
(60, '202002', 0, 0, 0, 1, 0, 0, 0, 0, 0, 1, 0, 0, 0, 0, 0, 1, 0, 0, 0, 0, 0, 1, 0, 0, 0, 0, 0, 0, 0, 0, 0, 0, 0, 0, 0, 0, 0, 0, 0, 0, 0, 0, 0, 0, 0, 0, 0, 0, 0, 0, 0, 0, 0, 1, 0, 0, 0, 0, 0, 1, 0, 0, 0, 1, 0, 0, 0, 0, 0, 1, 0, 0, 0, 0, 0, 1, 0, 0, 0, 0, 0, 0, 0, 0, 0, 0, 0, 0, 0, 0, 0, 0, 0, 0, 0, 0, 0, 0, 0, 0, 1, 0, 0, 0, 0, 1, 0, 0, 0, 0, 0, 0, 0, 0, 0, 0, 0, 0, 0, 0, 0, 0, 0, 0, 0, 0, 0, 0, 0, 0, 0, 0, 0, 0, 0, 0, 0, 0, 0, 0, 0, 0, 0, 0, 0, 0, 0, 1, 0, 0, 0, 0, 0, 1, 0, 0, 0, 0, 0, 0, 0, 0, 0, 0, 0, 0, 0, 0, 0, 0, 0, 0, 0, 0, 0, 0, 0, 0, 0, 0, 0, 0, 0, 1, 0, 0),
(61, '202002', 0, 0, 0, 0, 0, 0, 0, 0, 0, 0, 0, 0, 0, 0, 0, 1, 0, 0, 0, 0, 0, 0, 0, 1, 0, 0, 0, 0, 0, 0, 0, 1, 0, 0, 0, 0, 0, 0, 0, 0, 0, 0, 0, 1, 0, 0, 0, 0, 0, 1, 0, 0, 0, 0, 0, 0, 0, 0, 0, 1, 0, 0, 0, 0, 0, 1, 0, 0, 0, 0, 0, 1, 0, 0, 0, 0, 0, 0, 0, 0, 0, 0, 0, 0, 0, 0, 0, 0, 0, 0, 0, 0, 0, 1, 0, 0, 0, 0, 0, 0, 0, 0, 0, 1, 0, 0, 0, 0, 0, 0, 0, 0, 0, 0, 0, 1, 0, 0, 0, 0, 0, 0, 0, 0, 0, 0, 0, 0, 0, 0, 0, 0, 0, 1, 0, 0, 0, 0, 0, 0, 0, 0, 0, 0, 0, 1, 0, 0, 0, 0, 0, 0, 0, 0, 1, 0, 0, 0, 0, 0, 0, 0, 0, 0, 0, 0, 0, 0, 0, 0, 0, 0, 0, 0, 0, 0, 0, 1, 0, 0, 0, 0, 0, 0, 0, 0),
(62, '202002', 0, 0, 0, 0, 0, 0, 0, 0, 0, 0, 0, 1, 0, 0, 0, 0, 0, 1, 0, 0, 0, 0, 0, 1, 0, 0, 0, 0, 0, 1, 0, 0, 0, 0, 0, 1, 0, 0, 0, 0, 0, 1, 0, 0, 0, 0, 0, 1, 0, 0, 0, 0, 0, 1, 0, 0, 0, 0, 0, 0, 0, 0, 0, 0, 0, 1, 0, 0, 0, 0, 0, 0, 0, 0, 0, 0, 0, 1, 0, 0, 0, 0, 0, 0, 0, 0, 0, 0, 0, 1, 0, 1, 1, 0, 0, 0, 0, 0, 0, 0, 0, 0, 0, 0, 0, 0, 0, 1, 0, 0, 0, 0, 0, 0, 0, 0, 0, 0, 0, 0, 0, 0, 0, 0, 0, 0, 0, 0, 0, 0, 0, 0, 0, 0, 0, 0, 0, 0, 0, 0, 0, 0, 0, 0, 0, 0, 0, 0, 0, 1, 0, 0, 1, 0, 0, 0, 0, 0, 0, 0, 0, 0, 0, 1, 1, 0, 0, 0, 0, 0, 0, 0, 0, 0, 0, 0, 0, 0, 0, 1, 0, 0, 0, 0, 0, 0),
(64, '202002', 0, 0, 0, 0, 0, 0, 0, 0, 0, 0, 0, 0, 0, 0, 0, 0, 0, 0, 0, 0, 0, 0, 0, 0, 0, 0, 0, 0, 0, 0, 0, 0, 0, 0, 0, 0, 0, 0, 0, 0, 0, 0, 0, 0, 0, 0, 0, 0, 0, 0, 0, 0, 0, 0, 0, 0, 0, 0, 0, 0, 0, 0, 0, 0, 0, 0, 0, 0, 0, 0, 0, 0, 0, 0, 0, 0, 0, 0, 0, 0, 0, 0, 0, 0, 0, 0, 0, 0, 0, 0, 0, 0, 0, 0, 0, 0, 0, 0, 0, 0, 1, 0, 0, 0, 0, 0, 0, 0, 0, 0, 0, 0, 0, 0, 0, 1, 0, 0, 0, 0, 0, 0, 0, 0, 0, 0, 0, 0, 0, 0, 0, 0, 0, 0, 0, 0, 0, 0, 0, 0, 0, 0, 0, 0, 0, 0, 0, 0, 0, 0, 0, 0, 0, 0, 0, 0, 0, 0, 0, 0, 0, 0, 0, 0, 0, 0, 0, 0, 0, 0, 0, 0, 0, 0, 0, 0, 0, 0, 0, 0, 0, 0, 0, 0, 0, 0),
(65, '202002', 0, 0, 0, 0, 0, 1, 0, 0, 0, 0, 0, 1, 0, 0, 0, 0, 0, 1, 0, 0, 0, 0, 0, 1, 0, 0, 1, 0, 0, 0, 0, 0, 0, 0, 0, 1, 0, 0, 0, 0, 0, 1, 0, 0, 0, 0, 0, 1, 0, 0, 0, 0, 0, 1, 0, 0, 0, 0, 0, 1, 0, 0, 0, 0, 0, 1, 0, 0, 1, 0, 0, 0, 0, 0, 0, 0, 0, 1, 0, 0, 0, 0, 0, 1, 0, 0, 0, 0, 0, 1, 0, 0, 0, 0, 0, 0, 0, 0, 0, 0, 0, 0, 0, 0, 0, 0, 0, 0, 0, 0, 0, 0, 0, 0, 0, 0, 0, 0, 0, 0, 0, 0, 0, 0, 0, 0, 0, 0, 0, 0, 0, 0, 0, 0, 0, 0, 0, 0, 0, 0, 0, 0, 0, 0, 0, 0, 0, 0, 0, 0, 0, 0, 0, 0, 0, 0, 0, 0, 0, 0, 0, 0, 0, 0, 0, 0, 0, 0, 0, 0, 0, 0, 0, 0, 0, 0, 0, 0, 0, 0, 0, 0, 0, 0, 0, 0);

--
-- Indexes for dumped tables
--

--
-- Indexes for table `members`
--
ALTER TABLE `members`
  ADD PRIMARY KEY (`id_user`);

--
-- AUTO_INCREMENT for dumped tables
--

--
-- AUTO_INCREMENT for table `members`
--
ALTER TABLE `members`
  MODIFY `id_user` smallint(5) UNSIGNED NOT NULL AUTO_INCREMENT;
/*!40101 SET CHARACTER_SET_CLIENT=@OLD_CHARACTER_SET_CLIENT */;
/*!40101 SET CHARACTER_SET_RESULTS=@OLD_CHARACTER_SET_RESULTS */;
/*!40101 SET COLLATION_CONNECTION=@OLD_COLLATION_CONNECTION */;
